{
  "__inputs": [
    {
      "name": "DS_POWER_MONITOR",
      "label": "power_monitor",
      "description": "",
      "type": "datasource",
      "pluginId": "influxdb",
      "pluginName": "InfluxDB"
    },
    {
      "name": "VAR_RANGE1HOUR",
      "type": "constant",
      "label": "Range1 Start Hour",
      "value": "2h",
      "description": ""
    },
    {
      "name": "VAR_RANGE1DURATION",
      "type": "constant",
      "label": "Range1Duration",
      "value": "4h",
      "description": ""
    },
    {
      "name": "VAR_RANGE2HOUR",
      "type": "constant",
      "label": "Range2 Start Hour",
      "value": "6h",
      "description": ""
    },
    {
      "name": "VAR_RANGE2DURATION",
      "type": "constant",
      "label": "Range2Duration",
      "value": "1h",
      "description": ""
    },
    {
      "name": "VAR_RANGE3HOUR",
      "type": "constant",
      "label": "Range3 Start hour",
      "value": "7h",
      "description": ""
    },
    {
      "name": "VAR_RANGE3DURATION",
      "type": "constant",
      "label": "Range3Duration",
      "value": "8h",
      "description": ""
    },
    {
      "name": "VAR_RANGE4HOUR",
      "type": "constant",
      "label": "Range4 Start Hour",
      "value": "15h",
      "description": ""
    },
    {
      "name": "VAR_RANGE4DURATION",
      "type": "constant",
      "label": "Range4Duration",
      "value": "8h",
      "description": ""
    },
    {
      "name": "VAR_RANGE5HOUR",
      "type": "constant",
      "label": "Range6 Start Hour",
      "value": "23h",
      "description": ""
    },
    {
      "name": "VAR_RANGE5DURATION",
      "type": "constant",
      "label": "Range6Duration",
      "value": "3h",
      "description": ""
    },
    {
      "name": "VAR_DAYLIGHTSAVING",
      "type": "constant",
      "label": "Heure Ete ou Hiver",
      "value": "1h",
      "description": ""
    },
    {
      "name": "VAR_SUPERCREUSE",
      "type": "constant",
      "label": "SuperCreuse",
      "value": "1121",
      "description": ""
    },
    {
      "name": "VAR_CREUSE",
      "type": "constant",
      "label": "Creuse",
      "value": "1353",
      "description": ""
    },
    {
      "name": "VAR_NORMALE",
      "type": "constant",
      "label": "Normale",
      "value": "1853",
      "description": ""
    }
  ],
  "__requires": [
    {
      "type": "panel",
      "id": "dashlist",
      "name": "Dashboard list",
      "version": ""
    },
    {
      "type": "grafana",
      "id": "grafana",
      "name": "Grafana",
      "version": "7.3.7"
    },
    {
      "type": "panel",
      "id": "graph",
      "name": "Graph",
      "version": ""
    },
    {
      "type": "datasource",
      "id": "influxdb",
      "name": "InfluxDB",
      "version": "1.0.0"
    },
    {
      "type": "panel",
      "id": "stat",
      "name": "Stat",
      "version": ""
    },
    {
      "type": "panel",
      "id": "text",
      "name": "Text",
      "version": ""
    }
  ],
  "annotations": {
    "list": [
      {
        "builtIn": 1,
        "datasource": "-- Grafana --",
        "enable": true,
        "hide": true,
        "iconColor": "rgba(0, 211, 255, 1)",
        "name": "Annotations & Alerts",
        "type": "dashboard"
      }
    ]
  },
  "editable": true,
  "gnetId": null,
  "graphTooltip": 0,
  "id": null,
  "iteration": 1615673126427,
  "links": [],
  "panels": [
    {
      "datasource": "${DS_POWER_MONITOR}",
      "fieldConfig": {
        "defaults": {
          "custom": {}
        },
        "overrides": []
      },
      "gridPos": {
        "h": 2,
        "w": 12,
        "x": 0,
        "y": 0
      },
      "id": 41,
      "options": {
        "content": "Num Transfo -- Salon : 0 et 5 / Chambre : 1 / Chauffe Eau : 2 / Lave Linge : 3 / SdBain : 4\r\n\r\nErreur car il prend une valeur fausse au tout debut. Exemple pour le chauffe Eau sur 2jr",
        "mode": "markdown"
      },
      "pluginVersion": "7.3.7",
      "targets": [
        {
          "groupBy": [
            {
              "params": [
                "$__interval"
              ],
              "type": "time"
            },
            {
              "params": [
                "null"
              ],
              "type": "fill"
            }
          ],
          "orderByTime": "ASC",
          "policy": "default",
          "refId": "A",
          "resultFormat": "time_series",
          "select": [
            [
              {
                "params": [
                  "value"
                ],
                "type": "field"
              },
              {
                "params": [],
                "type": "mean"
              }
            ]
          ],
          "tags": []
        }
      ],
      "timeFrom": null,
      "timeShift": null,
      "title": "",
      "type": "text"
    },
    {
      "aliasColors": {},
      "bars": true,
      "dashLength": 10,
      "dashes": false,
      "datasource": "${DS_POWER_MONITOR}",
      "description": "",
      "fieldConfig": {
        "defaults": {
          "custom": {},
          "unit": "watt"
        },
        "overrides": []
      },
      "fill": 1,
      "fillGradient": 0,
      "gridPos": {
        "h": 13,
        "w": 12,
        "x": 12,
        "y": 0
      },
      "hiddenSeries": false,
      "id": 2,
      "legend": {
        "avg": false,
        "current": true,
        "max": false,
        "min": false,
        "show": true,
        "total": true,
        "values": true
      },
      "lines": false,
      "linewidth": 1,
      "nullPointMode": "null",
      "options": {
        "alertThreshold": true
      },
      "percentage": false,
      "pluginVersion": "7.3.7",
      "pointradius": 2,
      "points": false,
      "renderer": "flot",
      "seriesOverrides": [],
      "spaceLength": 10,
      "stack": false,
      "steppedLine": false,
      "targets": [
        {
          "alias": "Global per hour",
          "groupBy": [
            {
              "params": [
                "$__interval"
              ],
              "type": "time"
            },
            {
              "params": [
                "none"
              ],
              "type": "fill"
            }
          ],
          "measurement": "raw_cts",
          "orderByTime": "ASC",
          "policy": "default",
          "query": "SELECT integral(\"power\") /3600 FROM \"raw_cts\" WHERE $timeFilter GROUP BY time(30m)",
          "rawQuery": true,
          "refId": "A",
          "resultFormat": "time_series",
          "select": [
            [
              {
                "params": [
                  "power"
                ],
                "type": "field"
              },
              {
                "params": [],
                "type": "mean"
              }
            ]
          ],
          "tags": [
            {
              "key": "ct",
              "operator": "=",
              "value": "0"
            }
          ]
        }
      ],
      "thresholds": [],
      "timeFrom": null,
      "timeRegions": [
        {
          "$$hashKey": "object:2388",
          "colorMode": "yellow",
          "fill": true,
          "fillColor": "rgba(234, 112, 112, 0.12)",
          "from": "",
          "fromDayOfWeek": 6,
          "line": false,
          "lineColor": "rgba(237, 46, 24, 0.60)",
          "op": "time",
          "to": "",
          "toDayOfWeek": 7
        },
        {
          "$$hashKey": "object:198",
          "colorMode": "green",
          "fill": true,
          "fillColor": "rgba(234, 112, 112, 0.12)",
          "from": "1:00",
          "line": true,
          "lineColor": "rgba(237, 46, 24, 0.60)",
          "op": "time",
          "to": "5:00"
        },
        {
          "$$hashKey": "object:394",
          "colorMode": "red",
          "fill": true,
          "fillColor": "rgba(234, 112, 112, 0.12)",
          "from": "6:00",
          "line": true,
          "lineColor": "rgba(237, 46, 24, 0.60)",
          "op": "time",
          "to": "22:00"
        }
      ],
      "timeShift": null,
      "title": "Overview global",
      "tooltip": {
        "shared": true,
        "sort": 0,
        "value_type": "individual"
      },
      "transparent": true,
      "type": "graph",
      "xaxis": {
        "buckets": null,
        "mode": "time",
        "name": null,
        "show": true,
        "values": []
      },
      "yaxes": [
        {
          "$$hashKey": "object:125",
          "format": "watt",
          "label": null,
          "logBase": 1,
          "max": null,
          "min": null,
          "show": true
        },
        {
          "$$hashKey": "object:126",
          "format": "short",
          "label": null,
          "logBase": 1,
          "max": null,
          "min": null,
          "show": true
        }
      ],
      "yaxis": {
        "align": false,
        "alignLevel": null
      }
    },
    {
      "datasource": "${DS_POWER_MONITOR}",
      "fieldConfig": {
        "defaults": {
          "custom": {}
        },
        "overrides": []
      },
      "folderId": null,
      "gridPos": {
        "h": 5,
        "w": 4,
        "x": 0,
        "y": 2
      },
      "headings": true,
      "id": 38,
      "limit": 10,
      "pluginVersion": "7.3.7",
      "query": "",
      "recent": true,
      "search": false,
      "starred": false,
      "tags": [],
      "targets": [
        {
          "groupBy": [
            {
              "params": [
                "$__interval"
              ],
              "type": "time"
            },
            {
              "params": [
                "null"
              ],
              "type": "fill"
            }
          ],
          "orderByTime": "ASC",
          "policy": "default",
          "refId": "A",
          "resultFormat": "time_series",
          "select": [
            [
              {
                "params": [
                  "value"
                ],
                "type": "field"
              },
              {
                "params": [],
                "type": "mean"
              }
            ]
          ],
          "tags": []
        }
      ],
      "timeFrom": null,
      "timeShift": null,
      "title": "",
      "type": "dashlist"
    },
    {
      "aliasColors": {},
      "bars": false,
      "dashLength": 10,
      "dashes": false,
      "datasource": "${DS_POWER_MONITOR}",
      "description": "",
      "fieldConfig": {
        "defaults": {
          "custom": {},
          "mappings": [],
          "thresholds": {
            "mode": "absolute",
            "steps": [
              {
                "color": "green",
                "value": null
              },
              {
                "color": "orange",
                "value": 1000
              },
              {
                "color": "red",
                "value": 5000
              }
            ]
          },
          "unit": "watth"
        },
        "overrides": []
      },
      "fill": 1,
      "fillGradient": 0,
      "gridPos": {
        "h": 5,
        "w": 8,
        "x": 4,
        "y": 2
      },
      "hiddenSeries": false,
      "id": 42,
      "legend": {
        "avg": false,
        "current": false,
        "max": false,
        "min": false,
        "show": true,
        "total": true,
        "values": true
      },
      "lines": false,
      "linewidth": 1,
      "nullPointMode": "null",
      "options": {
        "alertThreshold": false
      },
      "percentage": false,
      "pluginVersion": "7.3.7",
      "pointradius": 7,
      "points": true,
      "renderer": "flot",
      "seriesOverrides": [
        {
          "$$hashKey": "object:1371",
          "alias": "SuperCreuse",
          "color": "#56A64B"
        },
        {
          "$$hashKey": "object:1379",
          "alias": "Creuse1",
          "color": "#3274D9"
        },
        {
          "$$hashKey": "object:1387",
          "alias": "Pleine1",
          "color": "#FF780A"
        },
        {
          "$$hashKey": "object:1465",
          "alias": "Pleine2",
          "color": "#FF780A"
        },
        {
          "$$hashKey": "object:1473",
          "alias": "Creuse2",
          "color": "#3274D9"
        }
      ],
      "spaceLength": 10,
      "stack": false,
      "steppedLine": false,
      "targets": [
        {
          "alias": "SuperCreuse",
          "groupBy": [],
          "measurement": "raw_cts",
          "orderByTime": "ASC",
          "policy": "default",
          "query": "select first(\"integral\") from (\nSELECT integral(\"power\") /3600 FROM \"raw_cts\" WHERE  $timeFilter GROUP BY time($Range1Duration,-$DayLightSaving+$Range1Hour)\n) WHERE time > ('2021-01-01T00:00:00Z' -$DayLightSaving+$Range1Hour) GROUP BY time(24h,-$DayLightSaving+$Range1Hour)",
          "rawQuery": true,
          "refId": "A",
          "resultFormat": "time_series",
          "select": [
            [
              {
                "params": [
                  "power"
                ],
                "type": "field"
              },
              {
                "params": [],
                "type": "integral"
              },
              {
                "params": [
                  "/3600000"
                ],
                "type": "math"
              }
            ]
          ],
          "tags": [
            {
              "key": "ct",
              "operator": "=",
              "value": "5"
            }
          ]
        },
        {
          "alias": "Creuse1",
          "groupBy": [
            {
              "params": [
                "$__interval"
              ],
              "type": "time"
            },
            {
              "params": [
                "null"
              ],
              "type": "fill"
            }
          ],
          "orderByTime": "ASC",
          "policy": "default",
          "query": "select first(\"integral\") from (\nSELECT integral(\"power\") /3600 FROM \"raw_cts\" WHERE  $timeFilter GROUP BY time($Range2Duration,-$DayLightSaving+$Range2Hour)\n) WHERE time > ('2021-01-01T00:00:00Z' -$DayLightSaving+ $Range2Hour) GROUP BY time(24h,-$DayLightSaving+$Range2Hour)",
          "rawQuery": true,
          "refId": "B",
          "resultFormat": "time_series",
          "select": [
            [
              {
                "params": [
                  "value"
                ],
                "type": "field"
              },
              {
                "params": [],
                "type": "mean"
              }
            ]
          ],
          "tags": []
        },
        {
          "alias": "Pleine1",
          "groupBy": [
            {
              "params": [
                "$__interval"
              ],
              "type": "time"
            },
            {
              "params": [
                "null"
              ],
              "type": "fill"
            }
          ],
          "orderByTime": "ASC",
          "policy": "default",
          "query": "select first(\"integral\") from (\nSELECT integral(\"power\") /3600 FROM \"raw_cts\" WHERE $timeFilter GROUP BY time($Range3Duration,-$DayLightSaving+$Range3Hour)\n) WHERE time > ('2021-01-01T00:00:00Z' -$DayLightSaving+ $Range3Hour) GROUP BY time(24h,-$DayLightSaving+$Range3Hour)",
          "rawQuery": true,
          "refId": "C",
          "resultFormat": "time_series",
          "select": [
            [
              {
                "params": [
                  "value"
                ],
                "type": "field"
              },
              {
                "params": [],
                "type": "mean"
              }
            ]
          ],
          "tags": []
        },
        {
          "alias": "Pleine2",
          "groupBy": [
            {
              "params": [
                "$__interval"
              ],
              "type": "time"
            },
            {
              "params": [
                "null"
              ],
              "type": "fill"
            }
          ],
          "orderByTime": "ASC",
          "policy": "default",
          "query": "select first(\"integral\") from (\nSELECT integral(\"power\") /3600 FROM \"raw_cts\" WHERE $timeFilter GROUP BY time($Range4Duration,-$DayLightSaving+$Range4Hour)\n) WHERE time > ('2021-01-01T00:00:00Z' -$DayLightSaving+$Range4Hour) GROUP BY time(24h,-$DayLightSaving+$Range4Hour)",
          "rawQuery": true,
          "refId": "D",
          "resultFormat": "time_series",
          "select": [
            [
              {
                "params": [
                  "value"
                ],
                "type": "field"
              },
              {
                "params": [],
                "type": "mean"
              }
            ]
          ],
          "tags": []
        },
        {
          "alias": "Creuse2",
          "groupBy": [
            {
              "params": [
                "$__interval"
              ],
              "type": "time"
            },
            {
              "params": [
                "null"
              ],
              "type": "fill"
            }
          ],
          "orderByTime": "ASC",
          "policy": "default",
          "query": "select first(\"integral\") from (\nSELECT integral(\"power\") /3600 FROM \"raw_cts\" WHERE  $timeFilter GROUP BY time($Range5Duration,-1h+$Range5Hour)\n) WHERE time > ('2021-01-01T00:00:00Z' -$DayLightSaving+$Range5Hour) GROUP BY time(24h,-$DayLightSaving+$Range5Hour)",
          "rawQuery": true,
          "refId": "E",
          "resultFormat": "time_series",
          "select": [
            [
              {
                "params": [
                  "value"
                ],
                "type": "field"
              },
              {
                "params": [],
                "type": "mean"
              }
            ]
          ],
          "tags": []
        }
      ],
      "thresholds": [],
      "timeFrom": null,
      "timeRegions": [
        {
          "$$hashKey": "object:259",
          "colorMode": "green",
          "fill": true,
          "fillColor": "rgba(234, 112, 112, 0.12)",
          "from": "1:00",
          "line": false,
          "lineColor": "rgba(237, 46, 24, 0.60)",
          "op": "time",
          "to": "5:00"
        },
        {
          "$$hashKey": "object:287",
          "colorMode": "blue",
          "fill": true,
          "fillColor": "rgba(234, 112, 112, 0.12)",
          "from": "5:00",
          "line": false,
          "lineColor": "rgba(237, 46, 24, 0.60)",
          "op": "time",
          "to": "6:00"
        },
        {
          "$$hashKey": "object:309",
          "colorMode": "red",
          "fill": true,
          "fillColor": "rgba(234, 112, 112, 0.12)",
          "from": "6:00",
          "line": false,
          "lineColor": "rgba(237, 46, 24, 0.60)",
          "op": "time",
          "to": "22:00"
        },
        {
          "$$hashKey": "object:331",
          "colorMode": "blue",
          "fill": true,
          "fillColor": "rgba(234, 112, 112, 0.12)",
          "from": "22:00",
          "line": false,
          "lineColor": "rgba(237, 46, 24, 0.60)",
          "op": "time",
          "to": "1:00"
        }
      ],
      "timeShift": null,
      "title": "Plages",
      "tooltip": {
        "shared": true,
        "sort": 0,
        "value_type": "individual"
      },
      "transparent": true,
      "type": "graph",
      "xaxis": {
        "buckets": null,
        "mode": "time",
        "name": null,
        "show": true,
        "values": []
      },
      "yaxes": [
        {
          "format": "watth",
          "label": null,
          "logBase": 1,
          "max": null,
          "min": null,
          "show": true
        },
        {
          "format": "short",
          "label": null,
          "logBase": 1,
          "max": null,
          "min": null,
          "show": true
        }
      ],
      "yaxis": {
        "align": false,
        "alignLevel": null
      }
    },
    {
      "datasource": "-- Dashboard --",
      "fieldConfig": {
        "defaults": {
          "custom": {},
          "mappings": [],
          "thresholds": {
            "mode": "absolute",
            "steps": [
              {
                "color": "green",
                "value": null
              },
              {
                "color": "#EAB839",
                "value": 1000
              },
              {
                "color": "red",
                "value": 5000
              }
            ]
          },
          "unit": "watth"
        },
        "overrides": []
      },
      "gridPos": {
        "h": 3,
        "w": 12,
        "x": 0,
        "y": 7
      },
      "id": 45,
      "options": {
        "colorMode": "value",
        "graphMode": "area",
        "justifyMode": "auto",
        "orientation": "auto",
        "reduceOptions": {
          "calcs": [
            "sum"
          ],
          "fields": "",
          "values": false
        },
        "textMode": "auto"
      },
      "pluginVersion": "7.3.7",
      "targets": [
        {
          "panelId": 42,
          "refId": "A"
        }
      ],
      "timeFrom": null,
      "timeShift": null,
      "title": "Total",
      "transformations": [
        {
          "id": "calculateField",
          "options": {
            "alias": "Heure Pleine",
            "mode": "reduceRow",
            "reduce": {
              "include": [
                "Pleine1",
                "Pleine2"
              ],
              "reducer": "sum"
            },
            "replaceFields": false
          }
        },
        {
          "id": "calculateField",
          "options": {
            "alias": "Heure Creuse",
            "mode": "reduceRow",
            "reduce": {
              "include": [
                "Creuse1",
                "Creuse2"
              ],
              "reducer": "sum"
            }
          }
        },
        {
          "id": "calculateField",
          "options": {
            "mode": "reduceRow",
            "reduce": {
              "include": [
                "SuperCreuse",
                "Creuse1",
                "Pleine1",
                "Pleine2",
                "Creuse2"
              ],
              "reducer": "sum"
            },
            "replaceFields": false
          }
        },
        {
          "id": "organize",
          "options": {
            "excludeByName": {
              "Creuse1": true,
              "Creuse2": true,
              "Pleine1": true,
              "Pleine2": true
            },
            "indexByName": {
              "Creuse1": 1,
              "Creuse2": 4,
              "Heure Creuse": 6,
              "Heure Pleine": 5,
              "Pleine1": 2,
              "Pleine2": 3,
              "SuperCreuse": 7,
              "Time": 0,
              "Total": 8
            },
            "renameByName": {
              "SuperCreuse": "Heure Super Creuse"
            }
          }
        }
      ],
      "type": "stat"
    },
    {
      "datasource": "${DS_POWER_MONITOR}",
      "description": "",
      "fieldConfig": {
        "defaults": {
          "custom": {},
          "mappings": [],
          "thresholds": {
            "mode": "absolute",
            "steps": [
              {
                "color": "green",
                "value": null
              },
              {
                "color": "orange",
                "value": 1000
              },
              {
                "color": "red",
                "value": 5000
              }
            ]
          },
          "unit": "currencyEUR"
        },
        "overrides": []
      },
      "gridPos": {
        "h": 3,
        "w": 12,
        "x": 0,
        "y": 10
      },
      "id": 47,
      "options": {
        "colorMode": "value",
        "graphMode": "none",
        "justifyMode": "auto",
        "orientation": "auto",
        "reduceOptions": {
          "calcs": [
            "sum"
          ],
          "fields": "",
          "values": false
        },
        "textMode": "auto"
      },
      "pluginVersion": "7.3.7",
      "targets": [
        {
          "alias": "SuperCreuse",
          "groupBy": [],
          "hide": false,
          "measurement": "raw_cts",
          "orderByTime": "ASC",
          "policy": "default",
          "query": "select first(\"integral\") from (\nSELECT integral(\"power\")  / 3600000 * $SuperCreuse /10000 FROM \"raw_cts\" WHERE  $timeFilter GROUP BY time($Range1Duration,-$DayLightSaving+$Range1Hour)\n) WHERE time > ('2021-01-01T00:00:00Z' -$DayLightSaving+$Range1Hour) GROUP BY time(24h,-$DayLightSaving+$Range1Hour)",
          "rawQuery": true,
          "refId": "A",
          "resultFormat": "time_series",
          "select": [
            [
              {
                "params": [
                  "power"
                ],
                "type": "field"
              },
              {
                "params": [],
                "type": "integral"
              },
              {
                "params": [
                  "/3600000"
                ],
                "type": "math"
              }
            ]
          ],
          "tags": [
            {
              "key": "ct",
              "operator": "=",
              "value": "5"
            }
          ]
        },
        {
          "alias": "Creuse1",
          "groupBy": [
            {
              "params": [
                "$__interval"
              ],
              "type": "time"
            },
            {
              "params": [
                "null"
              ],
              "type": "fill"
            }
          ],
          "hide": false,
          "orderByTime": "ASC",
          "policy": "default",
          "query": "select first(\"integral\") from (\nSELECT integral(\"power\")  * $Creuse / 10000 / 3600000 FROM \"raw_cts\" WHERE  $timeFilter GROUP BY time($Range2Duration,-$DayLightSaving+$Range2Hour)\n) WHERE time > ('2021-01-01T00:00:00Z' -$DayLightSaving+ $Range2Hour) GROUP BY time(24h,-$DayLightSaving+$Range2Hour)",
          "rawQuery": true,
          "refId": "B",
          "resultFormat": "time_series",
          "select": [
            [
              {
                "params": [
                  "value"
                ],
                "type": "field"
              },
              {
                "params": [],
                "type": "mean"
              }
            ]
          ],
          "tags": []
        },
        {
          "alias": "Pleine1",
          "groupBy": [
            {
              "params": [
                "$__interval"
              ],
              "type": "time"
            },
            {
              "params": [
                "null"
              ],
              "type": "fill"
            }
          ],
          "hide": false,
          "orderByTime": "ASC",
          "policy": "default",
          "query": "select first(\"integral\") from (\nSELECT integral(\"power\") * $Normale / 10000  /3600000 FROM \"raw_cts\" WHERE $timeFilter GROUP BY time($Range3Duration,-$DayLightSaving+$Range3Hour)\n) WHERE time > ('2021-01-01T00:00:00Z' -$DayLightSaving+ $Range3Hour) GROUP BY time(24h,-$DayLightSaving+$Range3Hour)",
          "rawQuery": true,
          "refId": "C",
          "resultFormat": "time_series",
          "select": [
            [
              {
                "params": [
                  "value"
                ],
                "type": "field"
              },
              {
                "params": [],
                "type": "mean"
              }
            ]
          ],
          "tags": []
        },
        {
          "alias": "Pleine2",
          "groupBy": [
            {
              "params": [
                "$__interval"
              ],
              "type": "time"
            },
            {
              "params": [
                "null"
              ],
              "type": "fill"
            }
          ],
          "hide": false,
          "orderByTime": "ASC",
          "policy": "default",
          "query": "select first(\"integral\") from (\nSELECT integral(\"power\")  * $Normale / 10000 /3600000 FROM \"raw_cts\" WHERE $timeFilter GROUP BY time($Range4Duration,-$DayLightSaving+$Range4Hour)\n) WHERE time > ('2021-01-01T00:00:00Z' -$DayLightSaving+$Range4Hour) GROUP BY time(24h,-$DayLightSaving+$Range4Hour)",
          "rawQuery": true,
          "refId": "D",
          "resultFormat": "time_series",
          "select": [
            [
              {
                "params": [
                  "value"
                ],
                "type": "field"
              },
              {
                "params": [],
                "type": "mean"
              }
            ]
          ],
          "tags": []
        },
        {
          "alias": "Creuse2",
          "groupBy": [
            {
              "params": [
                "$__interval"
              ],
              "type": "time"
            },
            {
              "params": [
                "null"
              ],
              "type": "fill"
            }
          ],
          "hide": false,
          "orderByTime": "ASC",
          "policy": "default",
          "query": "select first(\"integral\") from (\nSELECT integral(\"power\") * $Creuse / 10000 /3600000 FROM \"raw_cts\" WHERE  $timeFilter GROUP BY time($Range5Duration,-1h+$Range5Hour)\n) WHERE time > ('2021-01-01T00:00:00Z' -$DayLightSaving+$Range5Hour) GROUP BY time(24h,-$DayLightSaving+$Range5Hour)",
          "rawQuery": true,
          "refId": "E",
          "resultFormat": "time_series",
          "select": [
            [
              {
                "params": [
                  "value"
                ],
                "type": "field"
              },
              {
                "params": [],
                "type": "mean"
              }
            ]
          ],
          "tags": []
        }
      ],
      "timeFrom": null,
      "timeShift": null,
      "title": "Total €",
      "transformations": [
        {
          "id": "calculateField",
          "options": {
            "alias": "HCreuse €",
            "mode": "reduceRow",
            "reduce": {
              "include": [
                "Creuse2",
                "Creuse1"
              ],
              "reducer": "sum"
            }
          }
        },
        {
          "id": "calculateField",
          "options": {
            "alias": "HPleine €",
            "mode": "reduceRow",
            "reduce": {
              "include": [
                "Pleine1",
                "Pleine2"
              ],
              "reducer": "sum"
            }
          }
        },
        {
          "id": "organize",
          "options": {
            "excludeByName": {
              "Creuse1": true,
              "Creuse2": true,
              "Pleine1": true,
              "Pleine2": true,
              "Time": true
            },
            "indexByName": {
              "Creuse1": 4,
              "Creuse2": 7,
              "HCreuse €": 2,
              "HPleine €": 1,
              "Pleine1": 5,
              "Pleine2": 6,
              "SuperCreuse": 3,
              "Time": 0
            },
            "renameByName": {
              "SuperCreuse": "HSuperCreuse €"
            }
          }
        },
        {
          "id": "calculateField",
          "options": {
            "alias": "Facture €",
            "mode": "reduceRow",
            "reduce": {
              "reducer": "sum"
            }
          }
        }
      ],
      "transparent": true,
      "type": "stat"
    }
  ],
  "refresh": false,
  "schemaVersion": 26,
  "style": "dark",
  "tags": [],
  "templating": {
    "list": [
      {
        "current": {
          "value": "${VAR_RANGE1HOUR}",
          "text": "${VAR_RANGE1HOUR}",
          "selected": false
        },
        "error": null,
        "hide": 2,
        "label": "Range1 Start Hour",
        "name": "Range1Hour",
        "options": [
          {
            "value": "${VAR_RANGE1HOUR}",
            "text": "${VAR_RANGE1HOUR}",
            "selected": false
          }
        ],
        "query": "${VAR_RANGE1HOUR}",
        "skipUrlSync": false,
        "type": "constant"
      },
      {
        "current": {
          "value": "${VAR_RANGE1DURATION}",
          "text": "${VAR_RANGE1DURATION}",
          "selected": false
        },
        "error": null,
        "hide": 2,
        "label": "Range1Duration",
        "name": "Range1Duration",
        "options": [
          {
            "value": "${VAR_RANGE1DURATION}",
            "text": "${VAR_RANGE1DURATION}",
            "selected": false
          }
        ],
        "query": "${VAR_RANGE1DURATION}",
        "skipUrlSync": false,
        "type": "constant"
      },
      {
        "current": {
          "value": "${VAR_RANGE2HOUR}",
          "text": "${VAR_RANGE2HOUR}",
          "selected": false
        },
        "error": null,
        "hide": 2,
        "label": "Range2 Start Hour",
        "name": "Range2Hour",
        "options": [
          {
            "value": "${VAR_RANGE2HOUR}",
            "text": "${VAR_RANGE2HOUR}",
            "selected": false
          }
        ],
        "query": "${VAR_RANGE2HOUR}",
        "skipUrlSync": false,
        "type": "constant"
      },
      {
        "current": {
          "value": "${VAR_RANGE2DURATION}",
          "text": "${VAR_RANGE2DURATION}",
          "selected": false
        },
        "error": null,
        "hide": 2,
        "label": "Range2Duration",
        "name": "Range2Duration",
        "options": [
          {
            "value": "${VAR_RANGE2DURATION}",
            "text": "${VAR_RANGE2DURATION}",
            "selected": false
          }
        ],
        "query": "${VAR_RANGE2DURATION}",
        "skipUrlSync": false,
        "type": "constant"
      },
      {
        "current": {
          "value": "${VAR_RANGE3HOUR}",
          "text": "${VAR_RANGE3HOUR}",
          "selected": false
        },
        "error": null,
        "hide": 2,
        "label": "Range3 Start hour",
        "name": "Range3Hour",
        "options": [
          {
            "value": "${VAR_RANGE3HOUR}",
            "text": "${VAR_RANGE3HOUR}",
            "selected": false
          }
        ],
        "query": "${VAR_RANGE3HOUR}",
        "skipUrlSync": false,
        "type": "constant"
      },
      {
        "current": {
          "value": "${VAR_RANGE3DURATION}",
          "text": "${VAR_RANGE3DURATION}",
          "selected": false
        },
        "error": null,
        "hide": 2,
        "label": "Range3Duration",
        "name": "Range3Duration",
        "options": [
          {
            "value": "${VAR_RANGE3DURATION}",
            "text": "${VAR_RANGE3DURATION}",
            "selected": false
          }
        ],
        "query": "${VAR_RANGE3DURATION}",
        "skipUrlSync": false,
        "type": "constant"
      },
      {
        "current": {
          "value": "${VAR_RANGE4HOUR}",
          "text": "${VAR_RANGE4HOUR}",
          "selected": false
        },
        "error": null,
        "hide": 2,
        "label": "Range4 Start Hour",
        "name": "Range4Hour",
        "options": [
          {
            "value": "${VAR_RANGE4HOUR}",
            "text": "${VAR_RANGE4HOUR}",
            "selected": false
          }
        ],
        "query": "${VAR_RANGE4HOUR}",
        "skipUrlSync": false,
        "type": "constant"
      },
      {
        "current": {
          "value": "${VAR_RANGE4DURATION}",
          "text": "${VAR_RANGE4DURATION}",
          "selected": false
        },
        "error": null,
        "hide": 2,
        "label": "Range4Duration",
        "name": "Range4Duration",
        "options": [
          {
            "value": "${VAR_RANGE4DURATION}",
            "text": "${VAR_RANGE4DURATION}",
            "selected": false
          }
        ],
        "query": "${VAR_RANGE4DURATION}",
        "skipUrlSync": false,
        "type": "constant"
      },
      {
        "current": {
          "value": "${VAR_RANGE5HOUR}",
          "text": "${VAR_RANGE5HOUR}",
          "selected": false
        },
        "error": null,
        "hide": 2,
        "label": "Range6 Start Hour",
        "name": "Range5Hour",
        "options": [
          {
            "value": "${VAR_RANGE5HOUR}",
            "text": "${VAR_RANGE5HOUR}",
            "selected": false
          }
        ],
        "query": "${VAR_RANGE5HOUR}",
        "skipUrlSync": false,
        "type": "constant"
      },
      {
        "current": {
          "value": "${VAR_RANGE5DURATION}",
          "text": "${VAR_RANGE5DURATION}",
          "selected": false
        },
        "error": null,
        "hide": 2,
        "label": "Range6Duration",
        "name": "Range5Duration",
        "options": [
          {
            "value": "${VAR_RANGE5DURATION}",
            "text": "${VAR_RANGE5DURATION}",
            "selected": false
          }
        ],
        "query": "${VAR_RANGE5DURATION}",
        "skipUrlSync": false,
        "type": "constant"
      },
      {
        "datasource": "power_monitor",
        "error": null,
        "filters": [
          {
            "condition": "",
            "key": "ct",
            "operator": "=",
            "value": "1"
          }
        ],
        "hide": 0,
        "label": "Selection of the room",
        "name": "CTSelection",
        "skipUrlSync": false,
        "type": "adhoc"
      },
      {
        "current": {
          "value": "${VAR_DAYLIGHTSAVING}",
          "text": "${VAR_DAYLIGHTSAVING}",
          "selected": false
        },
        "error": null,
        "hide": 2,
        "label": "Heure Ete ou Hiver",
        "name": "DayLightSaving",
        "options": [
          {
            "value": "${VAR_DAYLIGHTSAVING}",
            "text": "${VAR_DAYLIGHTSAVING}",
            "selected": false
          }
        ],
        "query": "${VAR_DAYLIGHTSAVING}",
        "skipUrlSync": false,
        "type": "constant"
      },
      {
        "current": {
          "value": "${VAR_SUPERCREUSE}",
          "text": "${VAR_SUPERCREUSE}",
          "selected": false
        },
        "error": null,
        "hide": 2,
        "label": null,
        "name": "SuperCreuse",
        "options": [
          {
            "value": "${VAR_SUPERCREUSE}",
            "text": "${VAR_SUPERCREUSE}",
            "selected": false
          }
        ],
        "query": "${VAR_SUPERCREUSE}",
        "skipUrlSync": false,
        "type": "constant"
      },
      {
        "current": {
          "value": "${VAR_CREUSE}",
          "text": "${VAR_CREUSE}",
          "selected": false
        },
        "error": null,
        "hide": 2,
        "label": null,
        "name": "Creuse",
        "options": [
          {
            "value": "${VAR_CREUSE}",
            "text": "${VAR_CREUSE}",
            "selected": false
          }
        ],
        "query": "${VAR_CREUSE}",
        "skipUrlSync": false,
        "type": "constant"
      },
      {
        "current": {
          "value": "${VAR_NORMALE}",
          "text": "${VAR_NORMALE}",
          "selected": false
        },
        "error": null,
        "hide": 2,
        "label": null,
        "name": "Normale",
        "options": [
          {
            "value": "${VAR_NORMALE}",
            "text": "${VAR_NORMALE}",
            "selected": false
          }
        ],
        "query": "${VAR_NORMALE}",
        "skipUrlSync": false,
        "type": "constant"
      }
    ]
  },
  "time": {
    "from": "now-1M",
    "to": "now"
  },
  "timepicker": {
    "refresh_intervals": [
      "1h",
      "2h",
      "1d",
      "5s",
      "10s",
      "30s",
      "1m",
      "5m",
      "15m",
      "30m"
    ]
  },
  "timezone": "browser",
  "title": "FloDashboard Euro Detail",
  "uid": "lNvMPeZRz",
  "version": 40
}