{
  "__inputs": [
    {
      "name": "DS_POWER_MONITOR",
      "label": "power_monitor",
      "description": "",
      "type": "datasource",
      "pluginId": "influxdb",
      "pluginName": "InfluxDB"
    },
    {
      "name": "VAR_RANGE1HOUR",
      "type": "constant",
      "label": "Range1 Start Hour",
      "value": "2h",
      "description": ""
    },
    {
      "name": "VAR_RANGE1DURATION",
      "type": "constant",
      "label": "Range1Duration",
      "value": "4h",
      "description": ""
    },
    {
      "name": "VAR_RANGE2HOUR",
      "type": "constant",
      "label": "Range2 Start Hour",
      "value": "6h",
      "description": ""
    },
    {
      "name": "VAR_RANGE2DURATION",
      "type": "constant",
      "label": "Range2Duration",
      "value": "1h",
      "description": ""
    },
    {
      "name": "VAR_RANGE3HOUR",
      "type": "constant",
      "label": "Range3 Start hour",
      "value": "7h",
      "description": ""
    },
    {
      "name": "VAR_RANGE3DURATION",
      "type": "constant",
      "label": "Range3Duration",
      "value": "8h",
      "description": ""
    },
    {
      "name": "VAR_RANGE4HOUR",
      "type": "constant",
      "label": "Range4 Start Hour",
      "value": "15h",
      "description": ""
    },
    {
      "name": "VAR_RANGE4DURATION",
      "type": "constant",
      "label": "Range4Duration",
      "value": "8h",
      "description": ""
    },
    {
      "name": "VAR_RANGE5HOUR",
      "type": "constant",
      "label": "Range6 Start Hour",
      "value": "23h",
      "description": ""
    },
    {
      "name": "VAR_RANGE5DURATION",
      "type": "constant",
      "label": "Range6Duration",
      "value": "3h",
      "description": ""
    },
    {
      "name": "VAR_DAYLIGHTSAVING",
      "type": "constant",
      "label": "1h or 2h",
      "value": "1h",
      "description": ""
    },
    {
      "name": "VAR_SUPERCREUSE",
      "type": "constant",
      "label": "SuperCreuse",
      "value": "1121",
      "description": ""
    },
    {
      "name": "VAR_CREUSE",
      "type": "constant",
      "label": "Creuse",
      "value": "1353",
      "description": ""
    },
    {
      "name": "VAR_NORMALE",
      "type": "constant",
      "label": "Normale",
      "value": "1853",
      "description": ""
    }
  ],
  "__requires": [
    {
      "type": "panel",
      "id": "bargauge",
      "name": "Bar gauge",
      "version": ""
    },
    {
      "type": "panel",
      "id": "dashlist",
      "name": "Dashboard list",
      "version": ""
    },
    {
      "type": "grafana",
      "id": "grafana",
      "name": "Grafana",
      "version": "7.3.7"
    },
    {
      "type": "panel",
      "id": "graph",
      "name": "Graph",
      "version": ""
    },
    {
      "type": "datasource",
      "id": "influxdb",
      "name": "InfluxDB",
      "version": "1.0.0"
    },
    {
      "type": "panel",
      "id": "stat",
      "name": "Stat",
      "version": ""
    }
  ],
  "annotations": {
    "list": [
      {
        "builtIn": 1,
        "datasource": "-- Grafana --",
        "enable": true,
        "hide": true,
        "iconColor": "rgba(0, 211, 255, 1)",
        "name": "Annotations & Alerts",
        "type": "dashboard"
      }
    ]
  },
  "editable": true,
  "gnetId": null,
  "graphTooltip": 0,
  "id": null,
  "iteration": 1615673075768,
  "links": [],
  "panels": [
    {
      "datasource": "${DS_POWER_MONITOR}",
      "fieldConfig": {
        "defaults": {
          "custom": {}
        },
        "overrides": []
      },
      "folderId": null,
      "gridPos": {
        "h": 7,
        "w": 4,
        "x": 0,
        "y": 0
      },
      "headings": true,
      "id": 38,
      "limit": 10,
      "pluginVersion": "7.3.7",
      "query": "",
      "recent": true,
      "search": false,
      "starred": false,
      "tags": [],
      "targets": [
        {
          "groupBy": [
            {
              "params": [
                "$__interval"
              ],
              "type": "time"
            },
            {
              "params": [
                "null"
              ],
              "type": "fill"
            }
          ],
          "orderByTime": "ASC",
          "policy": "default",
          "refId": "A",
          "resultFormat": "time_series",
          "select": [
            [
              {
                "params": [
                  "value"
                ],
                "type": "field"
              },
              {
                "params": [],
                "type": "mean"
              }
            ]
          ],
          "tags": []
        }
      ],
      "timeFrom": null,
      "timeShift": null,
      "title": "Panel Title",
      "type": "dashlist"
    },
    {
      "datasource": "${DS_POWER_MONITOR}",
      "description": "",
      "fieldConfig": {
        "defaults": {
          "custom": {},
          "mappings": [],
          "thresholds": {
            "mode": "absolute",
            "steps": [
              {
                "color": "green",
                "value": null
              },
              {
                "color": "green",
                "value": -0.1
              },
              {
                "color": "red",
                "value": 0.1
              }
            ]
          },
          "unit": "kwatth"
        },
        "overrides": []
      },
      "gridPos": {
        "h": 7,
        "w": 8,
        "x": 4,
        "y": 0
      },
      "id": 9,
      "options": {
        "displayMode": "gradient",
        "orientation": "vertical",
        "reduceOptions": {
          "calcs": [
            "lastNotNull"
          ],
          "fields": "",
          "values": false
        },
        "showUnfilled": true
      },
      "pluginVersion": "7.3.7",
      "targets": [
        {
          "alias": "Salon1",
          "groupBy": [
            {
              "params": [
                "$__interval"
              ],
              "type": "time"
            },
            {
              "params": [
                "null"
              ],
              "type": "fill"
            }
          ],
          "orderByTime": "ASC",
          "policy": "default",
          "query": "SELECT integral(\"power\") /3600000 FROM \"raw_cts\" WHERE (\"ct\" = '0') AND $timeFilter",
          "rawQuery": true,
          "refId": "B",
          "resultFormat": "time_series",
          "select": [
            [
              {
                "params": [
                  "value"
                ],
                "type": "field"
              },
              {
                "params": [],
                "type": "mean"
              }
            ]
          ],
          "tags": []
        },
        {
          "alias": "Salon2",
          "groupBy": [],
          "measurement": "raw_cts",
          "orderByTime": "ASC",
          "policy": "default",
          "query": "SELECT integral(\"power\") /3600000 FROM \"raw_cts\" WHERE (\"ct\" = '5') AND $timeFilter",
          "rawQuery": true,
          "refId": "A",
          "resultFormat": "time_series",
          "select": [
            [
              {
                "params": [
                  "power"
                ],
                "type": "field"
              },
              {
                "params": [],
                "type": "integral"
              },
              {
                "params": [
                  "/3600000"
                ],
                "type": "math"
              }
            ]
          ],
          "tags": [
            {
              "key": "ct",
              "operator": "=",
              "value": "0"
            }
          ]
        },
        {
          "alias": "Chambre",
          "groupBy": [
            {
              "params": [
                "$__interval"
              ],
              "type": "time"
            },
            {
              "params": [
                "null"
              ],
              "type": "fill"
            }
          ],
          "orderByTime": "ASC",
          "policy": "default",
          "query": "SELECT integral(\"power\") /3600000 FROM \"raw_cts\" WHERE (\"ct\" = '1') AND $timeFilter",
          "rawQuery": true,
          "refId": "C",
          "resultFormat": "time_series",
          "select": [
            [
              {
                "params": [
                  "value"
                ],
                "type": "field"
              },
              {
                "params": [],
                "type": "mean"
              }
            ]
          ],
          "tags": []
        },
        {
          "alias": "Chauffe eau",
          "groupBy": [
            {
              "params": [
                "$__interval"
              ],
              "type": "time"
            },
            {
              "params": [
                "null"
              ],
              "type": "fill"
            }
          ],
          "orderByTime": "ASC",
          "policy": "default",
          "query": "SELECT integral(\"power\") /3600000 FROM \"raw_cts\" WHERE (\"ct\" = '2') AND $timeFilter",
          "rawQuery": true,
          "refId": "D",
          "resultFormat": "time_series",
          "select": [
            [
              {
                "params": [
                  "value"
                ],
                "type": "field"
              },
              {
                "params": [],
                "type": "mean"
              }
            ]
          ],
          "tags": []
        },
        {
          "alias": "LaveLinge",
          "groupBy": [
            {
              "params": [
                "$__interval"
              ],
              "type": "time"
            },
            {
              "params": [
                "null"
              ],
              "type": "fill"
            }
          ],
          "orderByTime": "ASC",
          "policy": "default",
          "query": "SELECT integral(\"power\") /3600000 FROM \"raw_cts\" WHERE (\"ct\" = '3') AND $timeFilter",
          "rawQuery": true,
          "refId": "E",
          "resultFormat": "time_series",
          "select": [
            [
              {
                "params": [
                  "value"
                ],
                "type": "field"
              },
              {
                "params": [],
                "type": "mean"
              }
            ]
          ],
          "tags": []
        },
        {
          "alias": "Prise SdB",
          "groupBy": [
            {
              "params": [
                "$__interval"
              ],
              "type": "time"
            },
            {
              "params": [
                "null"
              ],
              "type": "fill"
            }
          ],
          "orderByTime": "ASC",
          "policy": "default",
          "query": "SELECT integral(\"power\") /3600000 FROM \"raw_cts\" WHERE (\"ct\" = '4') AND $timeFilter",
          "rawQuery": true,
          "refId": "F",
          "resultFormat": "time_series",
          "select": [
            [
              {
                "params": [
                  "value"
                ],
                "type": "field"
              },
              {
                "params": [],
                "type": "mean"
              }
            ]
          ],
          "tags": []
        }
      ],
      "timeFrom": null,
      "timeShift": null,
      "title": "formule origine",
      "transparent": true,
      "type": "bargauge"
    },
    {
      "datasource": "${DS_POWER_MONITOR}",
      "description": "",
      "fieldConfig": {
        "defaults": {
          "custom": {},
          "mappings": [],
          "thresholds": {
            "mode": "absolute",
            "steps": [
              {
                "color": "green",
                "value": null
              },
              {
                "color": "orange",
                "value": 50
              },
              {
                "color": "red",
                "value": 100
              }
            ]
          },
          "unit": "currencyEUR"
        },
        "overrides": []
      },
      "gridPos": {
        "h": 3,
        "w": 12,
        "x": 12,
        "y": 0
      },
      "id": 35,
      "options": {
        "colorMode": "value",
        "graphMode": "none",
        "justifyMode": "auto",
        "orientation": "auto",
        "reduceOptions": {
          "calcs": [
            "sum"
          ],
          "fields": "",
          "values": false
        },
        "textMode": "auto"
      },
      "pluginVersion": "7.3.7",
      "targets": [
        {
          "alias": "SuperCreuse",
          "groupBy": [],
          "measurement": "raw_cts",
          "orderByTime": "ASC",
          "policy": "default",
          "query": "select first(\"integral\") from (\nSELECT integral(\"power\")  / 3600000 * $SuperCreuse /10000 FROM \"raw_cts\" WHERE (\"ct\" = '0') AND $timeFilter GROUP BY time($Range1Duration,-$DayLightSaving+$Range1Hour)\n) WHERE time > ('2021-01-01T00:00:00Z' -$DayLightSaving+$Range1Hour) GROUP BY time(24h,-$DayLightSaving+$Range1Hour)",
          "rawQuery": true,
          "refId": "A",
          "resultFormat": "time_series",
          "select": [
            [
              {
                "params": [
                  "power"
                ],
                "type": "field"
              },
              {
                "params": [],
                "type": "integral"
              },
              {
                "params": [
                  "/3600000"
                ],
                "type": "math"
              }
            ]
          ],
          "tags": [
            {
              "key": "ct",
              "operator": "=",
              "value": "5"
            }
          ]
        },
        {
          "alias": "Creuse1",
          "groupBy": [
            {
              "params": [
                "$__interval"
              ],
              "type": "time"
            },
            {
              "params": [
                "null"
              ],
              "type": "fill"
            }
          ],
          "orderByTime": "ASC",
          "policy": "default",
          "query": "select first(\"integral\") from (\nSELECT integral(\"power\")  / 3600000 * $Creuse/10000 FROM \"raw_cts\" WHERE (\"ct\" = '0') AND $timeFilter GROUP BY time($Range2Duration,-$DayLightSaving+$Range2Hour)\n) WHERE time > ('2021-01-01T00:00:00Z' -$DayLightSaving+$Range2Hour) GROUP BY time(24h,-$DayLightSaving+$Range2Hour)",
          "rawQuery": true,
          "refId": "B",
          "resultFormat": "time_series",
          "select": [
            [
              {
                "params": [
                  "value"
                ],
                "type": "field"
              },
              {
                "params": [],
                "type": "mean"
              }
            ]
          ],
          "tags": []
        },
        {
          "alias": "Pleine1",
          "groupBy": [
            {
              "params": [
                "$__interval"
              ],
              "type": "time"
            },
            {
              "params": [
                "null"
              ],
              "type": "fill"
            }
          ],
          "orderByTime": "ASC",
          "policy": "default",
          "query": "select first(\"integral\") from (\nSELECT integral(\"power\")  / 3600000 * $Normale /10000 FROM \"raw_cts\" WHERE (\"ct\" = '0') AND $timeFilter GROUP BY time($Range3Duration,-$DayLightSaving+$Range3Hour)\n) WHERE time > ('2021-01-01T00:00:00Z' -$DayLightSaving+$Range3Hour) GROUP BY time(24h,-$DayLightSaving+$Range3Hour)",
          "rawQuery": true,
          "refId": "C",
          "resultFormat": "time_series",
          "select": [
            [
              {
                "params": [
                  "value"
                ],
                "type": "field"
              },
              {
                "params": [],
                "type": "mean"
              }
            ]
          ],
          "tags": []
        },
        {
          "alias": "Pleine2",
          "groupBy": [
            {
              "params": [
                "$__interval"
              ],
              "type": "time"
            },
            {
              "params": [
                "null"
              ],
              "type": "fill"
            }
          ],
          "orderByTime": "ASC",
          "policy": "default",
          "query": "select first(\"integral\") from (\nSELECT integral(\"power\")  / 3600000 * $Normale /10000 FROM \"raw_cts\" WHERE (\"ct\" = '0') AND $timeFilter GROUP BY time($Range4Duration,-$DayLightSaving+$Range4Hour)\n) WHERE time > ('2021-01-01T00:00:00Z' -$DayLightSaving+$Range4Hour) GROUP BY time(24h,-$DayLightSaving+$Range4Hour)",
          "rawQuery": true,
          "refId": "D",
          "resultFormat": "time_series",
          "select": [
            [
              {
                "params": [
                  "value"
                ],
                "type": "field"
              },
              {
                "params": [],
                "type": "mean"
              }
            ]
          ],
          "tags": []
        },
        {
          "alias": "Creuse2",
          "groupBy": [
            {
              "params": [
                "$__interval"
              ],
              "type": "time"
            },
            {
              "params": [
                "null"
              ],
              "type": "fill"
            }
          ],
          "orderByTime": "ASC",
          "policy": "default",
          "query": "select first(\"integral\") from (\nSELECT integral(\"power\")  / 3600000 * $Creuse /10000 FROM \"raw_cts\" WHERE (\"ct\" = '0') AND $timeFilter GROUP BY time($Range5Duration,-$DayLightSaving+$Range5Hour)\n) WHERE time > ('2021-01-01T00:00:00Z' -$DayLightSaving+$Range5Hour) GROUP BY time(24h,-$DayLightSaving+$Range5Hour)",
          "rawQuery": true,
          "refId": "E",
          "resultFormat": "time_series",
          "select": [
            [
              {
                "params": [
                  "value"
                ],
                "type": "field"
              },
              {
                "params": [],
                "type": "mean"
              }
            ]
          ],
          "tags": []
        }
      ],
      "timeFrom": null,
      "timeShift": null,
      "title": "Salon1",
      "transformations": [
        {
          "id": "calculateField",
          "options": {
            "alias": "Creuse",
            "mode": "reduceRow",
            "reduce": {
              "include": [
                "Creuse1",
                "Creuse2"
              ],
              "reducer": "sum"
            }
          }
        },
        {
          "id": "calculateField",
          "options": {
            "alias": "Pleine",
            "mode": "reduceRow",
            "reduce": {
              "include": [
                "Pleine1",
                "Pleine2"
              ],
              "reducer": "sum"
            }
          }
        },
        {
          "id": "organize",
          "options": {
            "excludeByName": {
              "Creuse1": true,
              "Creuse2": true,
              "Pleine1": true,
              "Pleine2": true,
              "Time": true
            },
            "indexByName": {},
            "renameByName": {}
          }
        },
        {
          "id": "calculateField",
          "options": {
            "alias": "Total",
            "mode": "reduceRow",
            "reduce": {
              "include": [
                "SuperCreuse",
                "Creuse",
                "Pleine"
              ],
              "reducer": "sum"
            }
          }
        }
      ],
      "transparent": true,
      "type": "stat"
    },
    {
      "datasource": "${DS_POWER_MONITOR}",
      "description": "",
      "fieldConfig": {
        "defaults": {
          "custom": {},
          "mappings": [],
          "thresholds": {
            "mode": "absolute",
            "steps": [
              {
                "color": "green",
                "value": null
              },
              {
                "color": "orange",
                "value": 50
              },
              {
                "color": "red",
                "value": 100
              }
            ]
          },
          "unit": "currencyEUR"
        },
        "overrides": []
      },
      "gridPos": {
        "h": 3,
        "w": 12,
        "x": 12,
        "y": 3
      },
      "id": 39,
      "options": {
        "colorMode": "value",
        "graphMode": "none",
        "justifyMode": "auto",
        "orientation": "auto",
        "reduceOptions": {
          "calcs": [
            "sum"
          ],
          "fields": "",
          "values": false
        },
        "textMode": "auto"
      },
      "pluginVersion": "7.3.7",
      "targets": [
        {
          "alias": "SuperCreuse",
          "groupBy": [],
          "measurement": "raw_cts",
          "orderByTime": "ASC",
          "policy": "default",
          "query": "select first(\"integral\") from (\nSELECT integral(\"power\")  / 3600000 * $SuperCreuse /10000 FROM \"raw_cts\" WHERE (\"ct\" = '5') AND $timeFilter GROUP BY time($Range1Duration,-$DayLightSaving+$Range1Hour)\n) WHERE time > ('2021-01-01T00:00:00Z' -$DayLightSaving+$Range1Hour) GROUP BY time(24h,-$DayLightSaving+$Range1Hour)",
          "rawQuery": true,
          "refId": "A",
          "resultFormat": "time_series",
          "select": [
            [
              {
                "params": [
                  "power"
                ],
                "type": "field"
              },
              {
                "params": [],
                "type": "integral"
              },
              {
                "params": [
                  "/3600000"
                ],
                "type": "math"
              }
            ]
          ],
          "tags": [
            {
              "key": "ct",
              "operator": "=",
              "value": "5"
            }
          ]
        },
        {
          "alias": "Creuse1",
          "groupBy": [
            {
              "params": [
                "$__interval"
              ],
              "type": "time"
            },
            {
              "params": [
                "null"
              ],
              "type": "fill"
            }
          ],
          "orderByTime": "ASC",
          "policy": "default",
          "query": "select first(\"integral\") from (\nSELECT integral(\"power\")  / 3600000 * $Creuse/10000 FROM \"raw_cts\" WHERE (\"ct\" = '5') AND $timeFilter GROUP BY time($Range2Duration,-$DayLightSaving+$Range2Hour)\n) WHERE time > ('2021-01-01T00:00:00Z' -$DayLightSaving+$Range2Hour) GROUP BY time(24h,-$DayLightSaving+$Range2Hour)",
          "rawQuery": true,
          "refId": "B",
          "resultFormat": "time_series",
          "select": [
            [
              {
                "params": [
                  "value"
                ],
                "type": "field"
              },
              {
                "params": [],
                "type": "mean"
              }
            ]
          ],
          "tags": []
        },
        {
          "alias": "Pleine1",
          "groupBy": [
            {
              "params": [
                "$__interval"
              ],
              "type": "time"
            },
            {
              "params": [
                "null"
              ],
              "type": "fill"
            }
          ],
          "orderByTime": "ASC",
          "policy": "default",
          "query": "select first(\"integral\") from (\nSELECT integral(\"power\")  / 3600000 * $Normale /10000 FROM \"raw_cts\" WHERE (\"ct\" = '5') AND $timeFilter GROUP BY time($Range3Duration,-$DayLightSaving+$Range3Hour)\n) WHERE time > ('2021-01-01T00:00:00Z' -$DayLightSaving+$Range3Hour) GROUP BY time(24h,-$DayLightSaving+$Range3Hour)",
          "rawQuery": true,
          "refId": "C",
          "resultFormat": "time_series",
          "select": [
            [
              {
                "params": [
                  "value"
                ],
                "type": "field"
              },
              {
                "params": [],
                "type": "mean"
              }
            ]
          ],
          "tags": []
        },
        {
          "alias": "Pleine2",
          "groupBy": [
            {
              "params": [
                "$__interval"
              ],
              "type": "time"
            },
            {
              "params": [
                "null"
              ],
              "type": "fill"
            }
          ],
          "orderByTime": "ASC",
          "policy": "default",
          "query": "select first(\"integral\") from (\nSELECT integral(\"power\")  / 3600000 * $Normale /10000 FROM \"raw_cts\" WHERE (\"ct\" = '5') AND $timeFilter GROUP BY time($Range4Duration,-$DayLightSaving+$Range4Hour)\n) WHERE time > ('2021-01-01T00:00:00Z' -$DayLightSaving+$Range4Hour) GROUP BY time(24h,-$DayLightSaving+$Range4Hour)",
          "rawQuery": true,
          "refId": "D",
          "resultFormat": "time_series",
          "select": [
            [
              {
                "params": [
                  "value"
                ],
                "type": "field"
              },
              {
                "params": [],
                "type": "mean"
              }
            ]
          ],
          "tags": []
        },
        {
          "alias": "Creuse2",
          "groupBy": [
            {
              "params": [
                "$__interval"
              ],
              "type": "time"
            },
            {
              "params": [
                "null"
              ],
              "type": "fill"
            }
          ],
          "orderByTime": "ASC",
          "policy": "default",
          "query": "select first(\"integral\") from (\nSELECT integral(\"power\")  / 3600000 * $Creuse /10000 FROM \"raw_cts\" WHERE (\"ct\" = '5') AND $timeFilter GROUP BY time($Range5Duration,-$DayLightSaving+$Range5Hour)\n) WHERE time > ('2021-01-01T00:00:00Z' -$DayLightSaving+$Range5Hour) GROUP BY time(24h,-$DayLightSaving+$Range5Hour)",
          "rawQuery": true,
          "refId": "E",
          "resultFormat": "time_series",
          "select": [
            [
              {
                "params": [
                  "value"
                ],
                "type": "field"
              },
              {
                "params": [],
                "type": "mean"
              }
            ]
          ],
          "tags": []
        }
      ],
      "timeFrom": null,
      "timeShift": null,
      "title": "Salon2",
      "transformations": [
        {
          "id": "calculateField",
          "options": {
            "alias": "Creuse",
            "mode": "reduceRow",
            "reduce": {
              "include": [
                "Creuse1",
                "Creuse2"
              ],
              "reducer": "sum"
            }
          }
        },
        {
          "id": "calculateField",
          "options": {
            "alias": "Pleine",
            "mode": "reduceRow",
            "reduce": {
              "include": [
                "Pleine1",
                "Pleine2"
              ],
              "reducer": "sum"
            }
          }
        },
        {
          "id": "organize",
          "options": {
            "excludeByName": {
              "Creuse1": true,
              "Creuse2": true,
              "Pleine1": true,
              "Pleine2": true,
              "Time": true
            },
            "indexByName": {},
            "renameByName": {}
          }
        },
        {
          "id": "calculateField",
          "options": {
            "alias": "Total",
            "mode": "reduceRow",
            "reduce": {
              "include": [
                "SuperCreuse",
                "Creuse",
                "Pleine"
              ],
              "reducer": "sum"
            }
          }
        }
      ],
      "transparent": true,
      "type": "stat"
    },
    {
      "datasource": "${DS_POWER_MONITOR}",
      "description": "",
      "fieldConfig": {
        "defaults": {
          "custom": {},
          "mappings": [],
          "thresholds": {
            "mode": "absolute",
            "steps": [
              {
                "color": "green",
                "value": null
              },
              {
                "color": "orange",
                "value": 50
              },
              {
                "color": "red",
                "value": 100
              }
            ]
          },
          "unit": "currencyEUR"
        },
        "overrides": []
      },
      "gridPos": {
        "h": 3,
        "w": 12,
        "x": 12,
        "y": 6
      },
      "id": 40,
      "options": {
        "colorMode": "value",
        "graphMode": "none",
        "justifyMode": "auto",
        "orientation": "auto",
        "reduceOptions": {
          "calcs": [
            "sum"
          ],
          "fields": "",
          "values": false
        },
        "textMode": "auto"
      },
      "pluginVersion": "7.3.7",
      "targets": [
        {
          "alias": "SuperCreuse",
          "groupBy": [],
          "measurement": "raw_cts",
          "orderByTime": "ASC",
          "policy": "default",
          "query": "select first(\"integral\") from (\nSELECT integral(\"power\")  / 3600000 * $SuperCreuse /10000 FROM \"raw_cts\" WHERE (\"ct\" = '1') AND $timeFilter GROUP BY time($Range1Duration,-$DayLightSaving+$Range1Hour)\n) WHERE time > ('2021-01-01T00:00:00Z' -$DayLightSaving+$Range1Hour) GROUP BY time(24h,-$DayLightSaving+$Range1Hour)",
          "rawQuery": true,
          "refId": "A",
          "resultFormat": "time_series",
          "select": [
            [
              {
                "params": [
                  "power"
                ],
                "type": "field"
              },
              {
                "params": [],
                "type": "integral"
              },
              {
                "params": [
                  "/3600000"
                ],
                "type": "math"
              }
            ]
          ],
          "tags": [
            {
              "key": "ct",
              "operator": "=",
              "value": "5"
            }
          ]
        },
        {
          "alias": "Creuse1",
          "groupBy": [
            {
              "params": [
                "$__interval"
              ],
              "type": "time"
            },
            {
              "params": [
                "null"
              ],
              "type": "fill"
            }
          ],
          "orderByTime": "ASC",
          "policy": "default",
          "query": "select first(\"integral\") from (\nSELECT integral(\"power\")  / 3600000 * $Creuse/10000 FROM \"raw_cts\" WHERE (\"ct\" = '1') AND $timeFilter GROUP BY time($Range2Duration,-$DayLightSaving+$Range2Hour)\n) WHERE time > ('2021-01-01T00:00:00Z' -$DayLightSaving+$Range2Hour) GROUP BY time(24h,-$DayLightSaving+$Range2Hour)",
          "rawQuery": true,
          "refId": "B",
          "resultFormat": "time_series",
          "select": [
            [
              {
                "params": [
                  "value"
                ],
                "type": "field"
              },
              {
                "params": [],
                "type": "mean"
              }
            ]
          ],
          "tags": []
        },
        {
          "alias": "Pleine1",
          "groupBy": [
            {
              "params": [
                "$__interval"
              ],
              "type": "time"
            },
            {
              "params": [
                "null"
              ],
              "type": "fill"
            }
          ],
          "orderByTime": "ASC",
          "policy": "default",
          "query": "select first(\"integral\") from (\nSELECT integral(\"power\")  / 3600000 * $Normale /10000 FROM \"raw_cts\" WHERE (\"ct\" = '1') AND $timeFilter GROUP BY time($Range3Duration,-$DayLightSaving+$Range3Hour)\n) WHERE time > ('2021-01-01T00:00:00Z' -$DayLightSaving+$Range3Hour) GROUP BY time(24h,-$DayLightSaving+$Range3Hour)",
          "rawQuery": true,
          "refId": "C",
          "resultFormat": "time_series",
          "select": [
            [
              {
                "params": [
                  "value"
                ],
                "type": "field"
              },
              {
                "params": [],
                "type": "mean"
              }
            ]
          ],
          "tags": []
        },
        {
          "alias": "Pleine2",
          "groupBy": [
            {
              "params": [
                "$__interval"
              ],
              "type": "time"
            },
            {
              "params": [
                "null"
              ],
              "type": "fill"
            }
          ],
          "orderByTime": "ASC",
          "policy": "default",
          "query": "select first(\"integral\") from (\nSELECT integral(\"power\")  / 3600000 * $Normale /10000 FROM \"raw_cts\" WHERE (\"ct\" = '1') AND $timeFilter GROUP BY time($Range4Duration,-$DayLightSaving+$Range4Hour)\n) WHERE time > ('2021-01-01T00:00:00Z' -$DayLightSaving+$Range4Hour) GROUP BY time(24h,-$DayLightSaving+$Range4Hour)",
          "rawQuery": true,
          "refId": "D",
          "resultFormat": "time_series",
          "select": [
            [
              {
                "params": [
                  "value"
                ],
                "type": "field"
              },
              {
                "params": [],
                "type": "mean"
              }
            ]
          ],
          "tags": []
        },
        {
          "alias": "Creuse2",
          "groupBy": [
            {
              "params": [
                "$__interval"
              ],
              "type": "time"
            },
            {
              "params": [
                "null"
              ],
              "type": "fill"
            }
          ],
          "orderByTime": "ASC",
          "policy": "default",
          "query": "select first(\"integral\") from (\nSELECT integral(\"power\")  / 3600000 * $Creuse /10000 FROM \"raw_cts\" WHERE (\"ct\" = '1') AND $timeFilter GROUP BY time($Range5Duration,-$DayLightSaving+$Range5Hour)\n) WHERE time > ('2021-01-01T00:00:00Z' -$DayLightSaving+$Range5Hour) GROUP BY time(24h,-$DayLightSaving+$Range5Hour)",
          "rawQuery": true,
          "refId": "E",
          "resultFormat": "time_series",
          "select": [
            [
              {
                "params": [
                  "value"
                ],
                "type": "field"
              },
              {
                "params": [],
                "type": "mean"
              }
            ]
          ],
          "tags": []
        }
      ],
      "timeFrom": null,
      "timeShift": null,
      "title": "Chambre",
      "transformations": [
        {
          "id": "calculateField",
          "options": {
            "alias": "Creuse",
            "mode": "reduceRow",
            "reduce": {
              "include": [
                "Creuse1",
                "Creuse2"
              ],
              "reducer": "sum"
            }
          }
        },
        {
          "id": "calculateField",
          "options": {
            "alias": "Pleine",
            "mode": "reduceRow",
            "reduce": {
              "include": [
                "Pleine1",
                "Pleine2"
              ],
              "reducer": "sum"
            }
          }
        },
        {
          "id": "organize",
          "options": {
            "excludeByName": {
              "Creuse1": true,
              "Creuse2": true,
              "Pleine1": true,
              "Pleine2": true,
              "Time": true
            },
            "indexByName": {},
            "renameByName": {}
          }
        },
        {
          "id": "calculateField",
          "options": {
            "alias": "Total",
            "mode": "reduceRow",
            "reduce": {
              "include": [
                "SuperCreuse",
                "Creuse",
                "Pleine"
              ],
              "reducer": "sum"
            }
          }
        }
      ],
      "transparent": true,
      "type": "stat"
    },
    {
      "aliasColors": {},
      "bars": true,
      "dashLength": 10,
      "dashes": false,
      "datasource": "${DS_POWER_MONITOR}",
      "description": "",
      "fieldConfig": {
        "defaults": {
          "custom": {},
          "unit": "watt"
        },
        "overrides": []
      },
      "fill": 1,
      "fillGradient": 0,
      "gridPos": {
        "h": 11,
        "w": 12,
        "x": 0,
        "y": 7
      },
      "hiddenSeries": false,
      "id": 2,
      "legend": {
        "avg": false,
        "current": true,
        "max": false,
        "min": false,
        "show": true,
        "total": true,
        "values": true
      },
      "lines": true,
      "linewidth": 1,
      "nullPointMode": "null",
      "options": {
        "alertThreshold": true
      },
      "percentage": false,
      "pluginVersion": "7.3.7",
      "pointradius": 2,
      "points": false,
      "renderer": "flot",
      "seriesOverrides": [],
      "spaceLength": 10,
      "stack": false,
      "steppedLine": false,
      "targets": [
        {
          "alias": "RadSalon2",
          "groupBy": [
            {
              "params": [
                "$__interval"
              ],
              "type": "time"
            },
            {
              "params": [
                "none"
              ],
              "type": "fill"
            }
          ],
          "measurement": "raw_cts",
          "orderByTime": "ASC",
          "policy": "default",
          "query": "SELECT integral(\"power\") /3600 FROM \"raw_cts\" WHERE (\"ct\" = '5') AND $timeFilter GROUP BY time(1h)",
          "rawQuery": true,
          "refId": "A",
          "resultFormat": "time_series",
          "select": [
            [
              {
                "params": [
                  "power"
                ],
                "type": "field"
              },
              {
                "params": [],
                "type": "mean"
              }
            ]
          ],
          "tags": [
            {
              "key": "ct",
              "operator": "=",
              "value": "0"
            }
          ]
        },
        {
          "alias": "RadSalon1",
          "groupBy": [
            {
              "params": [
                "$__interval"
              ],
              "type": "time"
            },
            {
              "params": [
                "null"
              ],
              "type": "fill"
            }
          ],
          "orderByTime": "ASC",
          "policy": "default",
          "query": "SELECT integral(\"power\") /3600 FROM \"raw_cts\" WHERE (\"ct\" = '0') AND $timeFilter GROUP BY time(1h)",
          "rawQuery": true,
          "refId": "B",
          "resultFormat": "time_series",
          "select": [
            [
              {
                "params": [
                  "value"
                ],
                "type": "field"
              },
              {
                "params": [],
                "type": "mean"
              }
            ]
          ],
          "tags": []
        },
        {
          "alias": "Chambre",
          "groupBy": [
            {
              "params": [
                "$__interval"
              ],
              "type": "time"
            },
            {
              "params": [
                "null"
              ],
              "type": "fill"
            }
          ],
          "orderByTime": "ASC",
          "policy": "default",
          "query": "SELECT integral(\"power\") /3600 FROM \"raw_cts\" WHERE (\"ct\" = '1') AND $timeFilter GROUP BY time(1h)",
          "rawQuery": true,
          "refId": "C",
          "resultFormat": "time_series",
          "select": [
            [
              {
                "params": [
                  "value"
                ],
                "type": "field"
              },
              {
                "params": [],
                "type": "mean"
              }
            ]
          ],
          "tags": []
        },
        {
          "alias": "EauCh",
          "groupBy": [
            {
              "params": [
                "$__interval"
              ],
              "type": "time"
            },
            {
              "params": [
                "null"
              ],
              "type": "fill"
            }
          ],
          "orderByTime": "ASC",
          "policy": "default",
          "query": "SELECT integral(\"power\") /3600 FROM \"raw_cts\" WHERE (\"ct\" = '2') AND $timeFilter GROUP BY time(1h)",
          "rawQuery": true,
          "refId": "D",
          "resultFormat": "time_series",
          "select": [
            [
              {
                "params": [
                  "value"
                ],
                "type": "field"
              },
              {
                "params": [],
                "type": "mean"
              }
            ]
          ],
          "tags": []
        },
        {
          "alias": "LaveLinge",
          "groupBy": [
            {
              "params": [
                "$__interval"
              ],
              "type": "time"
            },
            {
              "params": [
                "null"
              ],
              "type": "fill"
            }
          ],
          "orderByTime": "ASC",
          "policy": "default",
          "query": "SELECT integral(\"power\") /3600 FROM \"raw_cts\" WHERE (\"ct\" = '3') AND $timeFilter GROUP BY time(1h)",
          "rawQuery": true,
          "refId": "E",
          "resultFormat": "time_series",
          "select": [
            [
              {
                "params": [
                  "value"
                ],
                "type": "field"
              },
              {
                "params": [],
                "type": "mean"
              }
            ]
          ],
          "tags": []
        },
        {
          "alias": "Prise SDB",
          "groupBy": [
            {
              "params": [
                "$__interval"
              ],
              "type": "time"
            },
            {
              "params": [
                "null"
              ],
              "type": "fill"
            }
          ],
          "orderByTime": "ASC",
          "policy": "default",
          "query": "SELECT integral(\"power\") /3600 FROM \"raw_cts\" WHERE (\"ct\" = '4') AND $timeFilter GROUP BY time(1h)",
          "rawQuery": true,
          "refId": "F",
          "resultFormat": "time_series",
          "select": [
            [
              {
                "params": [
                  "value"
                ],
                "type": "field"
              },
              {
                "params": [],
                "type": "mean"
              }
            ]
          ],
          "tags": []
        }
      ],
      "thresholds": [],
      "timeFrom": null,
      "timeRegions": [
        {
          "$$hashKey": "object:2360",
          "colorMode": "blue",
          "fill": true,
          "fillColor": "rgba(234, 112, 112, 0.12)",
          "from": "",
          "fromDayOfWeek": 1,
          "line": false,
          "lineColor": "rgba(237, 46, 24, 0.60)",
          "op": "time",
          "toDayOfWeek": 5
        },
        {
          "$$hashKey": "object:2388",
          "colorMode": "background6",
          "fill": true,
          "fillColor": "rgba(234, 112, 112, 0.12)",
          "fromDayOfWeek": 6,
          "line": false,
          "lineColor": "rgba(237, 46, 24, 0.60)",
          "op": "time",
          "toDayOfWeek": 7
        }
      ],
      "timeShift": null,
      "title": "Overview global",
      "tooltip": {
        "shared": true,
        "sort": 0,
        "value_type": "individual"
      },
      "transparent": true,
      "type": "graph",
      "xaxis": {
        "buckets": null,
        "mode": "time",
        "name": null,
        "show": true,
        "values": []
      },
      "yaxes": [
        {
          "format": "watt",
          "label": null,
          "logBase": 1,
          "max": null,
          "min": null,
          "show": true
        },
        {
          "format": "short",
          "label": null,
          "logBase": 1,
          "max": null,
          "min": null,
          "show": true
        }
      ],
      "yaxis": {
        "align": false,
        "alignLevel": null
      }
    },
    {
      "datasource": "${DS_POWER_MONITOR}",
      "description": "",
      "fieldConfig": {
        "defaults": {
          "custom": {},
          "mappings": [],
          "thresholds": {
            "mode": "absolute",
            "steps": [
              {
                "color": "green",
                "value": null
              },
              {
                "color": "orange",
                "value": 50
              },
              {
                "color": "red",
                "value": 100
              }
            ]
          },
          "unit": "currencyEUR"
        },
        "overrides": []
      },
      "gridPos": {
        "h": 3,
        "w": 12,
        "x": 12,
        "y": 9
      },
      "id": 41,
      "options": {
        "colorMode": "value",
        "graphMode": "none",
        "justifyMode": "auto",
        "orientation": "auto",
        "reduceOptions": {
          "calcs": [
            "sum"
          ],
          "fields": "",
          "values": false
        },
        "textMode": "auto"
      },
      "pluginVersion": "7.3.7",
      "targets": [
        {
          "alias": "SuperCreuse",
          "groupBy": [],
          "measurement": "raw_cts",
          "orderByTime": "ASC",
          "policy": "default",
          "query": "select first(\"integral\") from (\nSELECT integral(\"power\")  / 3600000 * $SuperCreuse /10000 FROM \"raw_cts\" WHERE (\"ct\" = '2') AND $timeFilter GROUP BY time($Range1Duration,-$DayLightSaving+$Range1Hour)\n) WHERE time > ('2021-01-01T00:00:00Z' -$DayLightSaving+$Range1Hour) GROUP BY time(24h,-$DayLightSaving+$Range1Hour)",
          "rawQuery": true,
          "refId": "A",
          "resultFormat": "time_series",
          "select": [
            [
              {
                "params": [
                  "power"
                ],
                "type": "field"
              },
              {
                "params": [],
                "type": "integral"
              },
              {
                "params": [
                  "/3600000"
                ],
                "type": "math"
              }
            ]
          ],
          "tags": [
            {
              "key": "ct",
              "operator": "=",
              "value": "5"
            }
          ]
        },
        {
          "alias": "Creuse1",
          "groupBy": [
            {
              "params": [
                "$__interval"
              ],
              "type": "time"
            },
            {
              "params": [
                "null"
              ],
              "type": "fill"
            }
          ],
          "orderByTime": "ASC",
          "policy": "default",
          "query": "select first(\"integral\") from (\nSELECT integral(\"power\")  / 3600000 * $Creuse/10000 FROM \"raw_cts\" WHERE (\"ct\" = '2') AND $timeFilter GROUP BY time($Range2Duration,-$DayLightSaving+$Range2Hour)\n) WHERE time > ('2021-01-01T00:00:00Z' -$DayLightSaving+$Range2Hour) GROUP BY time(24h,-$DayLightSaving+$Range2Hour)",
          "rawQuery": true,
          "refId": "B",
          "resultFormat": "time_series",
          "select": [
            [
              {
                "params": [
                  "value"
                ],
                "type": "field"
              },
              {
                "params": [],
                "type": "mean"
              }
            ]
          ],
          "tags": []
        },
        {
          "alias": "Pleine1",
          "groupBy": [
            {
              "params": [
                "$__interval"
              ],
              "type": "time"
            },
            {
              "params": [
                "null"
              ],
              "type": "fill"
            }
          ],
          "orderByTime": "ASC",
          "policy": "default",
          "query": "select first(\"integral\") from (\nSELECT integral(\"power\")  / 3600000 * $Normale /10000 FROM \"raw_cts\" WHERE (\"ct\" = '2') AND $timeFilter GROUP BY time($Range3Duration,-$DayLightSaving+$Range3Hour)\n) WHERE time > ('2021-01-01T00:00:00Z' -$DayLightSaving+$Range3Hour) GROUP BY time(24h,-$DayLightSaving+$Range3Hour)",
          "rawQuery": true,
          "refId": "C",
          "resultFormat": "time_series",
          "select": [
            [
              {
                "params": [
                  "value"
                ],
                "type": "field"
              },
              {
                "params": [],
                "type": "mean"
              }
            ]
          ],
          "tags": []
        },
        {
          "alias": "Pleine2",
          "groupBy": [
            {
              "params": [
                "$__interval"
              ],
              "type": "time"
            },
            {
              "params": [
                "null"
              ],
              "type": "fill"
            }
          ],
          "orderByTime": "ASC",
          "policy": "default",
          "query": "select first(\"integral\") from (\nSELECT integral(\"power\")  / 3600000 * $Normale /10000 FROM \"raw_cts\" WHERE (\"ct\" = '2') AND $timeFilter GROUP BY time($Range4Duration,-$DayLightSaving+$Range4Hour)\n) WHERE time > ('2021-01-01T00:00:00Z' -$DayLightSaving+$Range4Hour) GROUP BY time(24h,-$DayLightSaving+$Range4Hour)",
          "rawQuery": true,
          "refId": "D",
          "resultFormat": "time_series",
          "select": [
            [
              {
                "params": [
                  "value"
                ],
                "type": "field"
              },
              {
                "params": [],
                "type": "mean"
              }
            ]
          ],
          "tags": []
        },
        {
          "alias": "Creuse2",
          "groupBy": [
            {
              "params": [
                "$__interval"
              ],
              "type": "time"
            },
            {
              "params": [
                "null"
              ],
              "type": "fill"
            }
          ],
          "orderByTime": "ASC",
          "policy": "default",
          "query": "select first(\"integral\") from (\nSELECT integral(\"power\")  / 3600000 * $Creuse /10000 FROM \"raw_cts\" WHERE (\"ct\" = '2') AND $timeFilter GROUP BY time($Range5Duration,-$DayLightSaving+$Range5Hour)\n) WHERE time > ('2021-01-01T00:00:00Z' -$DayLightSaving+$Range5Hour) GROUP BY time(24h,-$DayLightSaving+$Range5Hour)",
          "rawQuery": true,
          "refId": "E",
          "resultFormat": "time_series",
          "select": [
            [
              {
                "params": [
                  "value"
                ],
                "type": "field"
              },
              {
                "params": [],
                "type": "mean"
              }
            ]
          ],
          "tags": []
        }
      ],
      "timeFrom": null,
      "timeShift": null,
      "title": "Chauffe Eau",
      "transformations": [
        {
          "id": "calculateField",
          "options": {
            "alias": "Creuse",
            "mode": "reduceRow",
            "reduce": {
              "include": [
                "Creuse1",
                "Creuse2"
              ],
              "reducer": "sum"
            }
          }
        },
        {
          "id": "calculateField",
          "options": {
            "alias": "Pleine",
            "mode": "reduceRow",
            "reduce": {
              "include": [
                "Pleine1",
                "Pleine2"
              ],
              "reducer": "sum"
            }
          }
        },
        {
          "id": "organize",
          "options": {
            "excludeByName": {
              "Creuse1": true,
              "Creuse2": true,
              "Pleine1": true,
              "Pleine2": true,
              "Time": true
            },
            "indexByName": {},
            "renameByName": {}
          }
        },
        {
          "id": "calculateField",
          "options": {
            "alias": "Total",
            "mode": "reduceRow",
            "reduce": {
              "include": [
                "SuperCreuse",
                "Creuse",
                "Pleine"
              ],
              "reducer": "sum"
            }
          }
        }
      ],
      "transparent": true,
      "type": "stat"
    },
    {
      "datasource": "${DS_POWER_MONITOR}",
      "description": "",
      "fieldConfig": {
        "defaults": {
          "custom": {},
          "mappings": [],
          "thresholds": {
            "mode": "absolute",
            "steps": [
              {
                "color": "green",
                "value": null
              },
              {
                "color": "orange",
                "value": 50
              },
              {
                "color": "red",
                "value": 100
              }
            ]
          },
          "unit": "currencyEUR"
        },
        "overrides": []
      },
      "gridPos": {
        "h": 3,
        "w": 12,
        "x": 12,
        "y": 12
      },
      "id": 42,
      "options": {
        "colorMode": "value",
        "graphMode": "none",
        "justifyMode": "auto",
        "orientation": "auto",
        "reduceOptions": {
          "calcs": [
            "sum"
          ],
          "fields": "",
          "values": false
        },
        "textMode": "auto"
      },
      "pluginVersion": "7.3.7",
      "targets": [
        {
          "alias": "SuperCreuse",
          "groupBy": [],
          "measurement": "raw_cts",
          "orderByTime": "ASC",
          "policy": "default",
          "query": "select first(\"integral\") from (\nSELECT integral(\"power\")  / 3600000 * $SuperCreuse /10000 FROM \"raw_cts\" WHERE (\"ct\" = '3') AND $timeFilter GROUP BY time($Range1Duration,-$DayLightSaving+$Range1Hour)\n) WHERE time > ('2021-01-01T00:00:00Z' -$DayLightSaving+$Range1Hour) GROUP BY time(24h,-$DayLightSaving+$Range1Hour)",
          "rawQuery": true,
          "refId": "A",
          "resultFormat": "time_series",
          "select": [
            [
              {
                "params": [
                  "power"
                ],
                "type": "field"
              },
              {
                "params": [],
                "type": "integral"
              },
              {
                "params": [
                  "/3600000"
                ],
                "type": "math"
              }
            ]
          ],
          "tags": [
            {
              "key": "ct",
              "operator": "=",
              "value": "5"
            }
          ]
        },
        {
          "alias": "Creuse1",
          "groupBy": [
            {
              "params": [
                "$__interval"
              ],
              "type": "time"
            },
            {
              "params": [
                "null"
              ],
              "type": "fill"
            }
          ],
          "orderByTime": "ASC",
          "policy": "default",
          "query": "select first(\"integral\") from (\nSELECT integral(\"power\")  / 3600000 * $Creuse/10000 FROM \"raw_cts\" WHERE (\"ct\" = '3') AND $timeFilter GROUP BY time($Range2Duration,-$DayLightSaving+$Range2Hour)\n) WHERE time > ('2021-01-01T00:00:00Z' -$DayLightSaving+$Range2Hour) GROUP BY time(24h,-$DayLightSaving+$Range2Hour)",
          "rawQuery": true,
          "refId": "B",
          "resultFormat": "time_series",
          "select": [
            [
              {
                "params": [
                  "value"
                ],
                "type": "field"
              },
              {
                "params": [],
                "type": "mean"
              }
            ]
          ],
          "tags": []
        },
        {
          "alias": "Pleine1",
          "groupBy": [
            {
              "params": [
                "$__interval"
              ],
              "type": "time"
            },
            {
              "params": [
                "null"
              ],
              "type": "fill"
            }
          ],
          "orderByTime": "ASC",
          "policy": "default",
          "query": "select first(\"integral\") from (\nSELECT integral(\"power\")  / 3600000 * $Normale /10000 FROM \"raw_cts\" WHERE (\"ct\" = '3') AND $timeFilter GROUP BY time($Range3Duration,-$DayLightSaving+$Range3Hour)\n) WHERE time > ('2021-01-01T00:00:00Z' -$DayLightSaving+$Range3Hour) GROUP BY time(24h,-$DayLightSaving+$Range3Hour)",
          "rawQuery": true,
          "refId": "C",
          "resultFormat": "time_series",
          "select": [
            [
              {
                "params": [
                  "value"
                ],
                "type": "field"
              },
              {
                "params": [],
                "type": "mean"
              }
            ]
          ],
          "tags": []
        },
        {
          "alias": "Pleine2",
          "groupBy": [
            {
              "params": [
                "$__interval"
              ],
              "type": "time"
            },
            {
              "params": [
                "null"
              ],
              "type": "fill"
            }
          ],
          "orderByTime": "ASC",
          "policy": "default",
          "query": "select first(\"integral\") from (\nSELECT integral(\"power\")  / 3600000 * $Normale /10000 FROM \"raw_cts\" WHERE (\"ct\" = '3') AND $timeFilter GROUP BY time($Range4Duration,-$DayLightSaving+$Range4Hour)\n) WHERE time > ('2021-01-01T00:00:00Z' -$DayLightSaving+$Range4Hour) GROUP BY time(24h,-$DayLightSaving+$Range4Hour)",
          "rawQuery": true,
          "refId": "D",
          "resultFormat": "time_series",
          "select": [
            [
              {
                "params": [
                  "value"
                ],
                "type": "field"
              },
              {
                "params": [],
                "type": "mean"
              }
            ]
          ],
          "tags": []
        },
        {
          "alias": "Creuse2",
          "groupBy": [
            {
              "params": [
                "$__interval"
              ],
              "type": "time"
            },
            {
              "params": [
                "null"
              ],
              "type": "fill"
            }
          ],
          "orderByTime": "ASC",
          "policy": "default",
          "query": "select first(\"integral\") from (\nSELECT integral(\"power\")  / 3600000 * $Creuse /10000 FROM \"raw_cts\" WHERE (\"ct\" = '3') AND $timeFilter GROUP BY time($Range5Duration,-$DayLightSaving+$Range5Hour)\n) WHERE time > ('2021-01-01T00:00:00Z' -$DayLightSaving+$Range5Hour) GROUP BY time(24h,-$DayLightSaving+$Range5Hour)",
          "rawQuery": true,
          "refId": "E",
          "resultFormat": "time_series",
          "select": [
            [
              {
                "params": [
                  "value"
                ],
                "type": "field"
              },
              {
                "params": [],
                "type": "mean"
              }
            ]
          ],
          "tags": []
        }
      ],
      "timeFrom": null,
      "timeShift": null,
      "title": "Lave Linge",
      "transformations": [
        {
          "id": "calculateField",
          "options": {
            "alias": "Creuse",
            "mode": "reduceRow",
            "reduce": {
              "include": [
                "Creuse1",
                "Creuse2"
              ],
              "reducer": "sum"
            }
          }
        },
        {
          "id": "calculateField",
          "options": {
            "alias": "Pleine",
            "mode": "reduceRow",
            "reduce": {
              "include": [
                "Pleine1",
                "Pleine2"
              ],
              "reducer": "sum"
            }
          }
        },
        {
          "id": "organize",
          "options": {
            "excludeByName": {
              "Creuse1": true,
              "Creuse2": true,
              "Pleine1": true,
              "Pleine2": true,
              "Time": true
            },
            "indexByName": {},
            "renameByName": {}
          }
        },
        {
          "id": "calculateField",
          "options": {
            "alias": "Total",
            "mode": "reduceRow",
            "reduce": {
              "include": [
                "SuperCreuse",
                "Creuse",
                "Pleine"
              ],
              "reducer": "sum"
            }
          }
        }
      ],
      "transparent": true,
      "type": "stat"
    },
    {
      "datasource": "${DS_POWER_MONITOR}",
      "description": "",
      "fieldConfig": {
        "defaults": {
          "custom": {},
          "mappings": [],
          "thresholds": {
            "mode": "absolute",
            "steps": [
              {
                "color": "green",
                "value": null
              },
              {
                "color": "orange",
                "value": 50
              },
              {
                "color": "red",
                "value": 100
              }
            ]
          },
          "unit": "currencyEUR"
        },
        "overrides": []
      },
      "gridPos": {
        "h": 3,
        "w": 12,
        "x": 12,
        "y": 15
      },
      "id": 43,
      "options": {
        "colorMode": "value",
        "graphMode": "none",
        "justifyMode": "auto",
        "orientation": "auto",
        "reduceOptions": {
          "calcs": [
            "sum"
          ],
          "fields": "",
          "values": false
        },
        "textMode": "auto"
      },
      "pluginVersion": "7.3.7",
      "targets": [
        {
          "alias": "SuperCreuse",
          "groupBy": [],
          "measurement": "raw_cts",
          "orderByTime": "ASC",
          "policy": "default",
          "query": "select first(\"integral\") from (\nSELECT integral(\"power\")  / 3600000 * $SuperCreuse /10000 FROM \"raw_cts\" WHERE (\"ct\" = '4') AND $timeFilter GROUP BY time($Range1Duration,-$DayLightSaving+$Range1Hour)\n) WHERE time > ('2021-01-01T00:00:00Z' -$DayLightSaving+$Range1Hour) GROUP BY time(24h,-$DayLightSaving+$Range1Hour)",
          "rawQuery": true,
          "refId": "A",
          "resultFormat": "time_series",
          "select": [
            [
              {
                "params": [
                  "power"
                ],
                "type": "field"
              },
              {
                "params": [],
                "type": "integral"
              },
              {
                "params": [
                  "/3600000"
                ],
                "type": "math"
              }
            ]
          ],
          "tags": [
            {
              "key": "ct",
              "operator": "=",
              "value": "5"
            }
          ]
        },
        {
          "alias": "Creuse1",
          "groupBy": [
            {
              "params": [
                "$__interval"
              ],
              "type": "time"
            },
            {
              "params": [
                "null"
              ],
              "type": "fill"
            }
          ],
          "orderByTime": "ASC",
          "policy": "default",
          "query": "select first(\"integral\") from (\nSELECT integral(\"power\")  / 3600000 * $Creuse/10000 FROM \"raw_cts\" WHERE (\"ct\" = '4') AND $timeFilter GROUP BY time($Range2Duration,-$DayLightSaving+$Range2Hour)\n) WHERE time > ('2021-01-01T00:00:00Z' -$DayLightSaving+$Range2Hour) GROUP BY time(24h,-$DayLightSaving+$Range2Hour)",
          "rawQuery": true,
          "refId": "B",
          "resultFormat": "time_series",
          "select": [
            [
              {
                "params": [
                  "value"
                ],
                "type": "field"
              },
              {
                "params": [],
                "type": "mean"
              }
            ]
          ],
          "tags": []
        },
        {
          "alias": "Pleine1",
          "groupBy": [
            {
              "params": [
                "$__interval"
              ],
              "type": "time"
            },
            {
              "params": [
                "null"
              ],
              "type": "fill"
            }
          ],
          "orderByTime": "ASC",
          "policy": "default",
          "query": "select first(\"integral\") from (\nSELECT integral(\"power\")  / 3600000 * $Normale /10000 FROM \"raw_cts\" WHERE (\"ct\" = '4') AND $timeFilter GROUP BY time($Range3Duration,-$DayLightSaving+$Range3Hour)\n) WHERE time > ('2021-01-01T00:00:00Z' -$DayLightSaving+$Range3Hour) GROUP BY time(24h,-$DayLightSaving+$Range3Hour)",
          "rawQuery": true,
          "refId": "C",
          "resultFormat": "time_series",
          "select": [
            [
              {
                "params": [
                  "value"
                ],
                "type": "field"
              },
              {
                "params": [],
                "type": "mean"
              }
            ]
          ],
          "tags": []
        },
        {
          "alias": "Pleine2",
          "groupBy": [
            {
              "params": [
                "$__interval"
              ],
              "type": "time"
            },
            {
              "params": [
                "null"
              ],
              "type": "fill"
            }
          ],
          "orderByTime": "ASC",
          "policy": "default",
          "query": "select first(\"integral\") from (\nSELECT integral(\"power\")  / 3600000 * $Normale /10000 FROM \"raw_cts\" WHERE (\"ct\" = '4') AND $timeFilter GROUP BY time($Range4Duration,-$DayLightSaving+$Range4Hour)\n) WHERE time > ('2021-01-01T00:00:00Z' -$DayLightSaving+$Range4Hour) GROUP BY time(24h,-$DayLightSaving+$Range4Hour)",
          "rawQuery": true,
          "refId": "D",
          "resultFormat": "time_series",
          "select": [
            [
              {
                "params": [
                  "value"
                ],
                "type": "field"
              },
              {
                "params": [],
                "type": "mean"
              }
            ]
          ],
          "tags": []
        },
        {
          "alias": "Creuse2",
          "groupBy": [
            {
              "params": [
                "$__interval"
              ],
              "type": "time"
            },
            {
              "params": [
                "null"
              ],
              "type": "fill"
            }
          ],
          "orderByTime": "ASC",
          "policy": "default",
          "query": "select first(\"integral\") from (\nSELECT integral(\"power\")  / 3600000 * $Creuse /10000 FROM \"raw_cts\" WHERE (\"ct\" = '4') AND $timeFilter GROUP BY time($Range5Duration,-$DayLightSaving+$Range5Hour)\n) WHERE time > ('2021-01-01T00:00:00Z' -$DayLightSaving+$Range5Hour) GROUP BY time(24h,-$DayLightSaving+$Range5Hour)",
          "rawQuery": true,
          "refId": "E",
          "resultFormat": "time_series",
          "select": [
            [
              {
                "params": [
                  "value"
                ],
                "type": "field"
              },
              {
                "params": [],
                "type": "mean"
              }
            ]
          ],
          "tags": []
        }
      ],
      "timeFrom": null,
      "timeShift": null,
      "title": "Prise SdB",
      "transformations": [
        {
          "id": "calculateField",
          "options": {
            "alias": "Creuse",
            "mode": "reduceRow",
            "reduce": {
              "include": [
                "Creuse1",
                "Creuse2"
              ],
              "reducer": "sum"
            }
          }
        },
        {
          "id": "calculateField",
          "options": {
            "alias": "Pleine",
            "mode": "reduceRow",
            "reduce": {
              "include": [
                "Pleine1",
                "Pleine2"
              ],
              "reducer": "sum"
            }
          }
        },
        {
          "id": "organize",
          "options": {
            "excludeByName": {
              "Creuse1": true,
              "Creuse2": true,
              "Pleine1": true,
              "Pleine2": true,
              "Time": true
            },
            "indexByName": {},
            "renameByName": {}
          }
        },
        {
          "id": "calculateField",
          "options": {
            "alias": "Total",
            "mode": "reduceRow",
            "reduce": {
              "include": [
                "SuperCreuse",
                "Creuse",
                "Pleine"
              ],
              "reducer": "sum"
            }
          }
        }
      ],
      "transparent": true,
      "type": "stat"
    }
  ],
  "refresh": "1m",
  "schemaVersion": 26,
  "style": "dark",
  "tags": [],
  "templating": {
    "list": [
      {
        "current": {
          "value": "${VAR_RANGE1HOUR}",
          "text": "${VAR_RANGE1HOUR}",
          "selected": false
        },
        "error": null,
        "hide": 2,
        "label": "Range1 Start Hour",
        "name": "Range1Hour",
        "options": [
          {
            "value": "${VAR_RANGE1HOUR}",
            "text": "${VAR_RANGE1HOUR}",
            "selected": false
          }
        ],
        "query": "${VAR_RANGE1HOUR}",
        "skipUrlSync": false,
        "type": "constant"
      },
      {
        "current": {
          "value": "${VAR_RANGE1DURATION}",
          "text": "${VAR_RANGE1DURATION}",
          "selected": false
        },
        "error": null,
        "hide": 2,
        "label": "Range1Duration",
        "name": "Range1Duration",
        "options": [
          {
            "value": "${VAR_RANGE1DURATION}",
            "text": "${VAR_RANGE1DURATION}",
            "selected": false
          }
        ],
        "query": "${VAR_RANGE1DURATION}",
        "skipUrlSync": false,
        "type": "constant"
      },
      {
        "current": {
          "value": "${VAR_RANGE2HOUR}",
          "text": "${VAR_RANGE2HOUR}",
          "selected": false
        },
        "error": null,
        "hide": 2,
        "label": "Range2 Start Hour",
        "name": "Range2Hour",
        "options": [
          {
            "value": "${VAR_RANGE2HOUR}",
            "text": "${VAR_RANGE2HOUR}",
            "selected": false
          }
        ],
        "query": "${VAR_RANGE2HOUR}",
        "skipUrlSync": false,
        "type": "constant"
      },
      {
        "current": {
          "value": "${VAR_RANGE2DURATION}",
          "text": "${VAR_RANGE2DURATION}",
          "selected": false
        },
        "error": null,
        "hide": 2,
        "label": "Range2Duration",
        "name": "Range2Duration",
        "options": [
          {
            "value": "${VAR_RANGE2DURATION}",
            "text": "${VAR_RANGE2DURATION}",
            "selected": false
          }
        ],
        "query": "${VAR_RANGE2DURATION}",
        "skipUrlSync": false,
        "type": "constant"
      },
      {
        "current": {
          "value": "${VAR_RANGE3HOUR}",
          "text": "${VAR_RANGE3HOUR}",
          "selected": false
        },
        "error": null,
        "hide": 2,
        "label": "Range3 Start hour",
        "name": "Range3Hour",
        "options": [
          {
            "value": "${VAR_RANGE3HOUR}",
            "text": "${VAR_RANGE3HOUR}",
            "selected": false
          }
        ],
        "query": "${VAR_RANGE3HOUR}",
        "skipUrlSync": false,
        "type": "constant"
      },
      {
        "current": {
          "value": "${VAR_RANGE3DURATION}",
          "text": "${VAR_RANGE3DURATION}",
          "selected": false
        },
        "error": null,
        "hide": 2,
        "label": "Range3Duration",
        "name": "Range3Duration",
        "options": [
          {
            "value": "${VAR_RANGE3DURATION}",
            "text": "${VAR_RANGE3DURATION}",
            "selected": false
          }
        ],
        "query": "${VAR_RANGE3DURATION}",
        "skipUrlSync": false,
        "type": "constant"
      },
      {
        "current": {
          "value": "${VAR_RANGE4HOUR}",
          "text": "${VAR_RANGE4HOUR}",
          "selected": false
        },
        "error": null,
        "hide": 2,
        "label": "Range4 Start Hour",
        "name": "Range4Hour",
        "options": [
          {
            "value": "${VAR_RANGE4HOUR}",
            "text": "${VAR_RANGE4HOUR}",
            "selected": false
          }
        ],
        "query": "${VAR_RANGE4HOUR}",
        "skipUrlSync": false,
        "type": "constant"
      },
      {
        "current": {
          "value": "${VAR_RANGE4DURATION}",
          "text": "${VAR_RANGE4DURATION}",
          "selected": false
        },
        "error": null,
        "hide": 2,
        "label": "Range4Duration",
        "name": "Range4Duration",
        "options": [
          {
            "value": "${VAR_RANGE4DURATION}",
            "text": "${VAR_RANGE4DURATION}",
            "selected": false
          }
        ],
        "query": "${VAR_RANGE4DURATION}",
        "skipUrlSync": false,
        "type": "constant"
      },
      {
        "current": {
          "value": "${VAR_RANGE5HOUR}",
          "text": "${VAR_RANGE5HOUR}",
          "selected": false
        },
        "error": null,
        "hide": 2,
        "label": "Range6 Start Hour",
        "name": "Range5Hour",
        "options": [
          {
            "value": "${VAR_RANGE5HOUR}",
            "text": "${VAR_RANGE5HOUR}",
            "selected": false
          }
        ],
        "query": "${VAR_RANGE5HOUR}",
        "skipUrlSync": false,
        "type": "constant"
      },
      {
        "current": {
          "value": "${VAR_RANGE5DURATION}",
          "text": "${VAR_RANGE5DURATION}",
          "selected": false
        },
        "error": null,
        "hide": 2,
        "label": "Range6Duration",
        "name": "Range5Duration",
        "options": [
          {
            "value": "${VAR_RANGE5DURATION}",
            "text": "${VAR_RANGE5DURATION}",
            "selected": false
          }
        ],
        "query": "${VAR_RANGE5DURATION}",
        "skipUrlSync": false,
        "type": "constant"
      },
      {
        "current": {
          "value": "${VAR_DAYLIGHTSAVING}",
          "text": "${VAR_DAYLIGHTSAVING}",
          "selected": false
        },
        "error": null,
        "hide": 2,
        "label": "1h or 2h",
        "name": "DayLightSaving",
        "options": [
          {
            "value": "${VAR_DAYLIGHTSAVING}",
            "text": "${VAR_DAYLIGHTSAVING}",
            "selected": false
          }
        ],
        "query": "${VAR_DAYLIGHTSAVING}",
        "skipUrlSync": false,
        "type": "constant"
      },
      {
        "current": {
          "value": "${VAR_SUPERCREUSE}",
          "text": "${VAR_SUPERCREUSE}",
          "selected": false
        },
        "error": null,
        "hide": 2,
        "label": null,
        "name": "SuperCreuse",
        "options": [
          {
            "value": "${VAR_SUPERCREUSE}",
            "text": "${VAR_SUPERCREUSE}",
            "selected": false
          }
        ],
        "query": "${VAR_SUPERCREUSE}",
        "skipUrlSync": false,
        "type": "constant"
      },
      {
        "current": {
          "value": "${VAR_CREUSE}",
          "text": "${VAR_CREUSE}",
          "selected": false
        },
        "error": null,
        "hide": 2,
        "label": null,
        "name": "Creuse",
        "options": [
          {
            "value": "${VAR_CREUSE}",
            "text": "${VAR_CREUSE}",
            "selected": false
          }
        ],
        "query": "${VAR_CREUSE}",
        "skipUrlSync": false,
        "type": "constant"
      },
      {
        "current": {
          "value": "${VAR_NORMALE}",
          "text": "${VAR_NORMALE}",
          "selected": false
        },
        "error": null,
        "hide": 2,
        "label": null,
        "name": "Normale",
        "options": [
          {
            "value": "${VAR_NORMALE}",
            "text": "${VAR_NORMALE}",
            "selected": false
          }
        ],
        "query": "${VAR_NORMALE}",
        "skipUrlSync": false,
        "type": "constant"
      }
    ]
  },
  "time": {
    "from": "now-7d",
    "to": "now"
  },
  "timepicker": {
    "refresh_intervals": [
      "1h",
      "2h",
      "1d",
      "5s",
      "10s",
      "30s",
      "1m",
      "5m",
      "15m",
      "30m"
    ]
  },
  "timezone": "utc",
  "title": "FloDashboard Euro",
  "uid": "0VGjysWRz",
  "version": 43
}